LAST UPDATED,PERIOD BEGIN,PERIOD END,REGION NAME,HOMES SOLD,MEDIAN SALE PRICE ($),MEDIAN DAYS ON MARKET (DAYS),NEW LISTINGS,ACTIVE LISTINGS
5/3/2026,4/1/2026,4/30/2026,Alabama,5189,299014,62,7043,30551
5/3/2026,3/1/2026,3/31/2026,Alabama,5147,297320,64,7126,29970
5/3/2026,2/1/2026,2/28/2026,Alabama,5246,288220,65,6898,29532
5/3/2026,1/1/2026,1/31/2026,Alabama,5271,279335,64,7092,29429
5/3/2026,12/1/2025,12/31/2025,Alabama,5232,285000,63,6636,29105
5/3/2026,11/1/2025,11/30/2025,Alabama,5190,289900,63,6598,28976
5/3/2026,10/1/2025,10/31/2025,Alabama,5188,289900,63,6770,29029
5/3/2026,9/1/2025,9/30/2025,Alabama,5187,291900,63,6741,28946
5/3/2026,8/1/2025,8/31/2025,Alabama,5176,295000,63,6588,28737
5/3/2026,7/1/2025,7/31/2025,Alabama,5039,299000,62,6450,28560
5/3/2026,6/1/2025,6/30/2025,Alabama,5016,299900,59,6329,28435
5/3/2026,5/1/2025,5/31/2025,Alabama,5214,295000,60,6606,28412
5/3/2026,4/1/2025,4/30/2025,Alabama,5106,287500,59,6620,28306
5/3/2026,3/1/2025,3/31/2025,Alabama,5083,288295,60,6793,28242
5/3/2026,2/1/2025,2/28/2025,Alabama,5026,279900,58,6814,27918
5/3/2026,1/1/2025,1/31/2025,Alabama,5043,275000,58,6419,27411
5/3/2026,12/1/2024,12/31/2024,Alabama,5208,280000,56,6620,27209
5/3/2026,11/1/2024,11/30/2024,Alabama,5192,281670,56,6927,26987
5/3/2026,10/1/2024,10/31/2024,Alabama,5074,280000,55,6359,26493
5/3/2026,9/1/2024,9/30/2024,Alabama,4894,285000,55,6352,26123
5/3/2026,8/1/2024,8/31/2024,Alabama,4939,285000,53,6304,25848
5/3/2026,7/1/2024,7/31/2024,Alabama,5053,289509,54,6294,25622
5/3/2026,6/1/2024,6/30/2024,Alabama,4948,294900,54,6413,25272
5/3/2026,5/1/2024,5/31/2024,Alabama,4973,288990,51,6316,24934
5/3/2026,4/1/2024,4/30/2024,Alabama,4993,276860,53,6395,24635
5/3/2026,3/1/2024,3/31/2024,Alabama,4959,280000,50,6256,24296
5/3/2026,2/1/2024,2/29/2024,Alabama,5044,274900,51,6424,24109
5/3/2026,1/1/2024,1/31/2024,Alabama,4942,269000,49,6042,23743
5/3/2026,4/1/2026,4/30/2026,Alaska,597,413635,30,809,2402
5/3/2026,3/1/2026,3/31/2026,Alaska,576,399633,28,762,2364
5/3/2026,2/1/2026,2/28/2026,Alaska,584,406500,37,727,2377
5/3/2026,1/1/2026,1/31/2026,Alaska,597,396450,34,721,2421
5/3/2026,12/1/2025,12/31/2025,Alaska,648,400000,28,742,2489
5/3/2026,11/1/2025,11/30/2025,Alaska,622,400000,32,815,2571
5/3/2026,10/1/2025,10/31/2025,Alaska,569,380000,34,802,2573
5/3/2026,9/1/2025,9/30/2025,Alaska,634,399000,33,841,2544
5/3/2026,8/1/2025,8/31/2025,Alaska,674,400000,33,810,2532
5/3/2026,7/1/2025,7/31/2025,Alaska,646,419950,29,783,2554
5/3/2026,6/1/2025,6/30/2025,Alaska,636,401500,28,787,2573
5/3/2026,5/1/2025,5/31/2025,Alaska,635,410000,29,832,2613
5/3/2026,4/1/2025,4/30/2025,Alaska,638,385000,32,786,2609
5/3/2026,3/1/2025,3/31/2025,Alaska,622,390000,30,850,2660
5/3/2026,2/1/2025,2/28/2025,Alaska,577,385000,27,818,2639
5/3/2026,1/1/2025,1/31/2025,Alaska,647,384750,24,837,2603
5/3/2026,12/1/2024,12/31/2024,Alaska,590,377500,33,830,2519
5/3/2026,11/1/2024,11/30/2024,Alaska,645,389000,29,823,2505
5/3/2026,10/1/2024,10/31/2024,Alaska,647,378500,30,806,2544
5/3/2026,9/1/2024,9/30/2024,Alaska,621,389000,27,831,2550
5/3/2026,8/1/2024,8/31/2024,Alaska,605,395500,32,845,2518
5/3/2026,7/1/2024,7/31/2024,Alaska,618,384500,28,799,2480
5/3/2026,6/1/2024,6/30/2024,Alaska,583,390435,30,813,2465
5/3/2026,5/1/2024,5/31/2024,Alaska,609,388035,28,812,2430
5/3/2026,4/1/2024,4/30/2024,Alaska,555,365000,24,767,2327
5/3/2026,3/1/2024,3/31/2024,Alaska,593,360000,19,732,2259
5/3/2026,2/1/2024,2/29/2024,Alaska,574,357400,20,728,2273
5/3/2026,1/1/2024,1/31/2024,Alaska,587,341478,18,724,2341
5/3/2026,4/1/2026,4/30/2026,Arizona,8696,438553,66,10474,48653
5/3/2026,3/1/2026,3/31/2026,Arizona,8644,446000,66,10699,48691
5/3/2026,2/1/2026,2/28/2026,Arizona,8534,442500,69,10636,48250
5/3/2026,1/1/2026,1/31/2026,Arizona,8478,432250,67,10854,47564
5/3/2026,12/1/2025,12/31/2025,Arizona,8503,439900,66,10757,46903
5/3/2026,11/1/2025,11/30/2025,Arizona,8489,440000,66,10746,47300
5/3/2026,10/1/2025,10/31/2025,Arizona,8247,440000,67,11077,47512
5/3/2026,9/1/2025,9/30/2025,Arizona,8312,439590,68,10885,46854
5/3/2026,8/1/2025,8/31/2025,Arizona,8268,432000,69,10804,46756
5/3/2026,7/1/2025,7/31/2025,Arizona,8079,434990,67,10947,47826
5/3/2026,6/1/2025,6/30/2025,Arizona,8069,435000,66,10930,49022
5/3/2026,5/1/2025,5/31/2025,Arizona,8037,445000,64,11054,49547
5/3/2026,4/1/2025,4/30/2025,Arizona,8114,437500,62,11367,49270
5/3/2026,3/1/2025,3/31/2025,Arizona,8144,446500,62,11111,48110
5/3/2026,2/1/2025,2/28/2025,Arizona,8241,445000,63,11257,46779
5/3/2026,1/1/2025,1/31/2025,Arizona,8004,445000,60,10980,44927
5/3/2026,12/1/2024,12/31/2024,Arizona,8086,440000,61,10939,43447
5/3/2026,11/1/2024,11/30/2024,Arizona,8051,440000,59,10778,42338
5/3/2026,10/1/2024,10/31/2024,Arizona,8054,438700,56,10487,41564
5/3/2026,9/1/2024,9/30/2024,Arizona,7876,435000,58,10757,41017
5/3/2026,8/1/2024,8/31/2024,Arizona,7785,431945,57,10682,39502
5/3/2026,7/1/2024,7/31/2024,Arizona,7855,435000,55,10396,38899
5/3/2026,6/1/2024,6/30/2024,Arizona,7765,443990,55,10546,38994
5/3/2026,5/1/2024,5/31/2024,Arizona,7862,445000,56,10448,38772
5/3/2026,4/1/2024,4/30/2024,Arizona,7776,445870,53,10192,37894
5/3/2026,3/1/2024,3/31/2024,Arizona,7711,439000,54,10356,37316
5/3/2026,2/1/2024,2/29/2024,Arizona,7855,434288,54,9975,36693
5/3/2026,1/1/2024,1/31/2024,Arizona,7701,425000,52,10051,36280
5/3/2026,4/1/2026,4/30/2026,Arkansas,3373,273996,56,4372,18742
5/3/2026,3/1/2026,3/31/2026,Arkansas,3143,275000,61,4247,18335
5/3/2026,2/1/2026,2/28/2026,Arkansas,3285,265000,61,4508,18393
5/3/2026,1/1/2026,1/31/2026,Arkansas,3226,265000,58,4134,18134
5/3/2026,12/1/2025,12/31/2025,Arkansas,3242,264520,56,4075,18285
5/3/2026,11/1/2025,11/30/2025,Arkansas,3162,265000,57,4271,18462
5/3/2026,10/1/2025,10/31/2025,Arkansas,3029,270000,56,4263,18363
5/3/2026,9/1/2025,9/30/2025,Arkansas,3137,267900,55,4278,18069
5/3/2026,8/1/2025,8/31/2025,Arkansas,3085,269900,55,4169,17845
5/3/2026,7/1/2025,7/31/2025,Arkansas,3135,269000,54,4079,17718
5/3/2026,6/1/2025,6/30/2025,Arkansas,3129,278300,53,4210,17662
5/3/2026,5/1/2025,5/31/2025,Arkansas,3074,269925,51,4136,17394
5/3/2026,4/1/2025,4/30/2025,Arkansas,3093,263000,52,4222,17200
5/3/2026,3/1/2025,3/31/2025,Arkansas,3251,259900,52,4398,17067
5/3/2026,2/1/2025,2/28/2025,Arkansas,3082,250000,52,4075,16628
5/3/2026,1/1/2025,1/31/2025,Arkansas,3148,255000,50,4321,16621
5/3/2026,12/1/2024,12/31/2024,Arkansas,3192,259000,51,4277,16187
5/3/2026,11/1/2024,11/30/2024,Arkansas,3146,260000,49,4058,15823
5/3/2026,10/1/2024,10/31/2024,Arkansas,3205,255000,50,3998,15647
5/3/2026,9/1/2024,9/30/2024,Arkansas,3076,259500,49,3944,15502
5/3/2026,8/1/2024,8/31/2024,Arkansas,3087,261200,48,4007,15286
5/3/2026,7/1/2024,7/31/2024,Arkansas,3112,255000,48,4089,15004
5/3/2026,6/1/2024,6/30/2024,Arkansas,3029,270000,46,3904,14693
5/3/2026,5/1/2024,5/31/2024,Arkansas,3107,259468,47,3947,14709
5/3/2026,4/1/2024,4/30/2024,Arkansas,3165,255000,45,3989,14654
5/3/2026,3/1/2024,3/31/2024,Arkansas,3024,250000,43,3900,14441
5/3/2026,2/1/2024,2/29/2024,Arkansas,3062,239000,43,3863,14316
5/3/2026,1/1/2024,1/31/2024,Arkansas,3003,239000,42,3569,14086
5/3/2026,4/1/2026,4/30/2026,California,23242,770339,40,28299,102995
5/3/2026,3/1/2026,3/31/2026,California,23038,750000,40,29381,103142
5/3/2026,2/1/2026,2/28/2026,California,23343,735000,41,29165,102619
5/3/2026,1/1/2026,1/31/2026,California,22778,705000,42,29465,101852
5/3/2026,12/1/2025,12/31/2025,California,23003,725000,42,29463,102170
5/3/2026,11/1/2025,11/30/2025,California,23269,750000,44,29467,103179
5/3/2026,10/1/2025,10/31/2025,California,23092,750000,43,29168,104401
5/3/2026,9/1/2025,9/30/2025,California,23147,750000,43,29375,106203
5/3/2026,8/1/2025,8/31/2025,California,22811,750000,46,29243,108412
5/3/2026,7/1/2025,7/31/2025,California,22780,752000,47,29301,110099
5/3/2026,6/1/2025,6/30/2025,California,22675,765000,43,29152,112844
5/3/2026,5/1/2025,5/31/2025,California,22541,765000,41,30724,114383
5/3/2026,4/1/2025,4/30/2025,California,22847,765000,39,31581,112815
5/3/2026,3/1/2025,3/31/2025,California,23002,755250,37,31045,109742
5/3/2026,2/1/2025,2/28/2025,California,23321,745000,36,31427,107588
5/3/2026,1/1/2025,1/31/2025,California,22571,720000,37,31604,104235
5/3/2026,12/1/2024,12/31/2024,California,23294,735000,37,30672,100782
5/3/2026,11/1/2024,11/30/2024,California,23056,750000,35,30246,98407
5/3/2026,10/1/2024,10/31/2024,California,22867,755000,35,30276,96788
5/3/2026,9/1/2024,9/30/2024,California,22530,740000,35,30546,94839
5/3/2026,8/1/2024,8/31/2024,California,22693,745000,34,29629,91059
5/3/2026,7/1/2024,7/31/2024,California,22730,760000,33,28977,89683
5/3/2026,6/1/2024,6/30/2024,California,22461,769000,33,29708,89518
5/3/2026,5/1/2024,5/31/2024,California,22503,765941,32,29431,88226
5/3/2026,4/1/2024,4/30/2024,California,22389,760000,32,28385,85399
5/3/2026,3/1/2024,3/31/2024,California,22155,735000,31,28652,84274
5/3/2026,2/1/2024,2/29/2024,California,22111,720000,30,27545,83225
5/3/2026,1/1/2024,1/31/2024,California,22220,675000,31,27502,84970
5/3/2026,4/1/2026,4/30/2026,Colorado,7630,548191,47,9447,38448
5/3/2026,3/1/2026,3/31/2026,Colorado,7467,548000,45,9838,38206
5/3/2026,2/1/2026,2/28/2026,Colorado,7473,535245,58,10220,37865
5/3/2026,1/1/2026,1/31/2026,Colorado,6872,525000,57,9918,37211
5/3/2026,12/1/2025,12/31/2025,Colorado,7412,533000,54,9040,37197
5/3/2026,11/1/2025,11/30/2025,Colorado,7131,545000,53,9234,37596
5/3/2026,10/1/2025,10/31/2025,Colorado,7092,551000,51,9193,37730
5/3/2026,9/1/2025,9/30/2025,Colorado,7180,550000,51,9188,37981
5/3/2026,8/1/2025,8/31/2025,Colorado,7018,550000,50,9140,38319
5/3/2026,7/1/2025,7/31/2025,Colorado,6952,550000,49,9109,38762
5/3/2026,6/1/2025,6/30/2025,Colorado,7117,565000,48,9484,39156
5/3/2026,5/1/2025,5/31/2025,Colorado,7171,558000,45,10064,39233
5/3/2026,4/1/2025,4/30/2025,Colorado,7396,560000,45,10359,38409
5/3/2026,3/1/2025,3/31/2025,Colorado,7586,553000,45,10382,37569
5/3/2026,2/1/2025,2/28/2025,Colorado,7393,545000,48,9934,36405
5/3/2026,1/1/2025,1/31/2025,Colorado,7555,545000,48,10071,35531
5/3/2026,12/1/2024,12/31/2024,Colorado,7547,543500,48,9955,35097
5/3/2026,11/1/2024,11/30/2024,Colorado,7486,555000,44,9280,34860
5/3/2026,10/1/2024,10/31/2024,Colorado,7296,551000,43,9712,34660
5/3/2026,9/1/2024,9/30/2024,Colorado,6869,549950,41,9721,33868
5/3/2026,8/1/2024,8/31/2024,Colorado,7205,540000,40,9408,32778
5/3/2026,7/1/2024,7/31/2024,Colorado,6958,550000,41,9192,31988
5/3/2026,6/1/2024,6/30/2024,Colorado,6861,564970,41,9225,31510
5/3/2026,5/1/2024,5/31/2024,Colorado,7031,560000,39,9349,30847
5/3/2026,4/1/2024,4/30/2024,Colorado,7086,560000,36,9038,30023
5/3/2026,3/1/2024,3/31/2024,Colorado,7272,550000,39,8867,29617
5/3/2026,2/1/2024,2/29/2024,Colorado,7551,534950,40,9012,29644
5/3/2026,1/1/2024,1/31/2024,Colorado,6943,524995,37,8869,29517
5/3/2026,4/1/2026,4/30/2026,Columbia,531,665305,63,916,3774
5/3/2026,3/1/2026,3/31/2026,Columbia,506,676500,68,921,3705
5/3/2026,2/1/2026,2/28/2026,Columbia,489,590000,75,888,3628
5/3/2026,1/1/2026,1/31/2026,Columbia,513,652500,60,732,3565
5/3/2026,12/1/2025,12/31/2025,Columbia,522,715000,57,828,3680
5/3/2026,11/1/2025,11/30/2025,Columbia,530,700000,56,766,3690
5/3/2026,10/1/2025,10/31/2025,Columbia,520,680000,65,832,3698
5/3/2026,9/1/2025,9/30/2025,Columbia,537,675000,64,886,3727
5/3/2026,8/1/2025,8/31/2025,Columbia,563,662500,64,827,3827
5/3/2026,7/1/2025,7/31/2025,Columbia,548,677000,65,801,3797
5/3/2026,6/1/2025,6/30/2025,Columbia,525,707000,66,818,3872
5/3/2026,5/1/2025,5/31/2025,Columbia,499,704000,62,894,3880
5/3/2026,4/1/2025,4/30/2025,Columbia,500,741250,57,949,3845
5/3/2026,3/1/2025,3/31/2025,Columbia,553,655000,58,943,3752
5/3/2026,2/1/2025,2/28/2025,Columbia,594,649900,55,893,3730
5/3/2026,1/1/2025,1/31/2025,Columbia,630,550000,56,942,3732
5/3/2026,12/1/2024,12/31/2024,Columbia,618,630000,61,897,3776
5/3/2026,11/1/2024,11/30/2024,Columbia,565,697000,54,924,3616
5/3/2026,10/1/2024,10/31/2024,Columbia,559,660000,50,882,3509
5/3/2026,9/1/2024,9/30/2024,Columbia,501,602500,52,880,3457
5/3/2026,8/1/2024,8/31/2024,Columbia,507,630000,51,829,3388
5/3/2026,7/1/2024,7/31/2024,Columbia,513,675000,54,804,3348
5/3/2026,6/1/2024,6/30/2024,Columbia,517,715000,52,822,3351
5/3/2026,5/1/2024,5/31/2024,Columbia,551,690000,49,851,3293
5/3/2026,4/1/2024,4/30/2024,Columbia,546,699900,54,801,3222
5/3/2026,3/1/2024,3/31/2024,Columbia,549,641500,46,854,3191
5/3/2026,2/1/2024,2/29/2024,Columbia,559,589000,46,847,3173
5/3/2026,1/1/2024,1/31/2024,Columbia,513,610000,48,880,3072
5/3/2026,4/1/2026,4/30/2026,Connecticut,2964,428586,42,3587,10003
5/3/2026,3/1/2026,3/31/2026,Connecticut,2936,415000,42,3314,9629
5/3/2026,2/1/2026,2/28/2026,Connecticut,3002,394000,41,3193,9671
5/3/2026,1/1/2026,1/31/2026,Connecticut,3040,415000,39,3304,9978
5/3/2026,12/1/2025,12/31/2025,Connecticut,3086,420000,40,3418,10200
5/3/2026,11/1/2025,11/30/2025,Connecticut,3080,425000,40,3478,10266
5/3/2026,10/1/2025,10/31/2025,Connecticut,3137,425000,39,3515,10376
5/3/2026,9/1/2025,9/30/2025,Connecticut,3087,430000,40,3573,10433
5/3/2026,8/1/2025,8/31/2025,Connecticut,3131,440000,39,3512,10361
5/3/2026,7/1/2025,7/31/2025,Connecticut,3160,450000,39,3496,10388
5/3/2026,6/1/2025,6/30/2025,Connecticut,3094,450000,39,3490,10456
5/3/2026,5/1/2025,5/31/2025,Connecticut,3146,425000,39,3486,10473
5/3/2026,4/1/2025,4/30/2025,Connecticut,3111,415528,37,3466,10512
5/3/2026,3/1/2025,3/31/2025,Connecticut,3103,395000,38,3707,10611
5/3/2026,2/1/2025,2/28/2025,Connecticut,3212,388000,37,3685,10442
5/3/2026,1/1/2025,1/31/2025,Connecticut,3105,385000,39,3638,10264
5/3/2026,12/1/2024,12/31/2024,Connecticut,3153,400000,39,3523,10052
5/3/2026,11/1/2024,11/30/2024,Connecticut,3185,390900,38,3436,10131
5/3/2026,10/1/2024,10/31/2024,Connecticut,3085,397000,38,3564,10144
5/3/2026,9/1/2024,9/30/2024,Connecticut,3025,402250,37,3553,9951
5/3/2026,8/1/2024,8/31/2024,Connecticut,3105,415000,36,3437,9788
5/3/2026,7/1/2024,7/31/2024,Connecticut,3085,420000,36,3435,9829
5/3/2026,6/1/2024,6/30/2024,Connecticut,3025,430000,36,3373,9761
5/3/2026,5/1/2024,5/31/2024,Connecticut,3027,395000,37,3351,9890
5/3/2026,4/1/2024,4/30/2024,Connecticut,3034,383800,37,3377,9983
5/3/2026,3/1/2024,3/31/2024,Connecticut,3084,370000,35,3332,10070
5/3/2026,2/1/2024,2/29/2024,Connecticut,3002,355000,35,3323,10292
5/3/2026,1/1/2024,1/31/2024,Connecticut,3056,357250,36,3475,10130
5/3/2026,4/1/2026,4/30/2026,Delaware,1080,398585,49,1481,5397
5/3/2026,3/1/2026,3/31/2026,Delaware,1069,395000,51,1449,5285
5/3/2026,2/1/2026,2/28/2026,Delaware,1025,380000,47,1352,5212
5/3/2026,1/1/2026,1/31/2026,Delaware,1127,395000,51,1384,5184
5/3/2026,12/1/2025,12/31/2025,Delaware,1177,405000,49,1300,5193
5/3/2026,11/1/2025,11/30/2025,Delaware,1183,397322,47,1364,5243
5/3/2026,10/1/2025,10/31/2025,Delaware,1135,403500,48,1328,5165
5/3/2026,9/1/2025,9/30/2025,Delaware,1130,395000,50,1381,5204
5/3/2026,8/1/2025,8/31/2025,Delaware,1177,388500,48,1354,5135
5/3/2026,7/1/2025,7/31/2025,Delaware,1104,406745,49,1324,5093
5/3/2026,6/1/2025,6/30/2025,Delaware,1156,405000,49,1357,5076
5/3/2026,5/1/2025,5/31/2025,Delaware,1195,400000,44,1383,5064
5/3/2026,4/1/2025,4/30/2025,Delaware,1193,388483,40,1449,5027
5/3/2026,3/1/2025,3/31/2025,Delaware,1200,386655,38,1488,5023
5/3/2026,2/1/2025,2/28/2025,Delaware,1240,390000,41,1445,4931
5/3/2026,1/1/2025,1/31/2025,Delaware,1258,380000,38,1387,4871
5/3/2026,12/1/2024,12/31/2024,Delaware,1217,395000,40,1444,4852
5/3/2026,11/1/2024,11/30/2024,Delaware,1152,390178,38,1415,4763
5/3/2026,10/1/2024,10/31/2024,Delaware,1226,397450,40,1400,4710
5/3/2026,9/1/2024,9/30/2024,Delaware,1151,397250,38,1358,4660
5/3/2026,8/1/2024,8/31/2024,Delaware,1099,395500,38,1415,4579
5/3/2026,7/1/2024,7/31/2024,Delaware,1164,382950,40,1337,4508
5/3/2026,6/1/2024,6/30/2024,Delaware,1143,390500,40,1318,4455
5/3/2026,5/1/2024,5/31/2024,Delaware,1145,399945,40,1370,4394
5/3/2026,4/1/2024,4/30/2024,Delaware,1127,390000,39,1278,4319
5/3/2026,3/1/2024,3/31/2024,Delaware,1100,377000,36,1309,4252
5/3/2026,2/1/2024,2/29/2024,Delaware,1144,371096,35,1339,4227
5/3/2026,1/1/2024,1/31/2024,Delaware,1062,365000,35,1321,4159
5/3/2026,4/1/2026,4/30/2026,Florida,29381,393701,70,40901,202021
5/3/2026,3/1/2026,3/31/2026,Florida,29866,392674,72,40498,202944
5/3/2026,2/1/2026,2/28/2026,Florida,29283,385000,72,41017,204496
5/3/2026,1/1/2026,1/31/2026,Florida,28867,380000,72,41341,205877
5/3/2026,12/1/2025,12/31/2025,Florida,29694,386000,74,40903,207469
5/3/2026,11/1/2025,11/30/2025,Florida,29554,381500,74,41455,209594
5/3/2026,10/1/2025,10/31/2025,Florida,29333,383000,76,41850,210544
5/3/2026,9/1/2025,9/30/2025,Florida,29075,380000,77,41720,211276
5/3/2026,8/1/2025,8/31/2025,Florida,28627,380000,76,41889,213241
5/3/2026,7/1/2025,7/31/2025,Florida,27937,382000,73,41900,215801
5/3/2026,6/1/2025,6/30/2025,Florida,27821,387500,71,42458,218832
5/3/2026,5/1/2025,5/31/2025,Florida,27775,388900,69,42668,221284
5/3/2026,4/1/2025,4/30/2025,Florida,27855,385000,67,43430,221611
5/3/2026,3/1/2025,3/31/2025,Florida,28703,384900,67,44370,219942
5/3/2026,2/1/2025,2/28/2025,Florida,28345,385000,66,44224,215415
5/3/2026,1/1/2025,1/31/2025,Florida,28469,380000,66,44552,209729
5/3/2026,12/1/2024,12/31/2024,Florida,29337,385095,66,44274,205166
5/3/2026,11/1/2024,11/30/2024,Florida,27533,385000,66,44137,201983
5/3/2026,10/1/2024,10/31/2024,Florida,27158,386900,64,36670,194898
5/3/2026,9/1/2024,9/30/2024,Florida,28031,380000,61,43595,199136
5/3/2026,8/1/2024,8/31/2024,Florida,29424,383990,60,44166,196966
5/3/2026,7/1/2024,7/31/2024,Florida,29618,387606,60,44093,194900
5/3/2026,6/1/2024,6/30/2024,Florida,29507,398000,59,44321,193329
5/3/2026,5/1/2024,5/31/2024,Florida,30261,395000,58,44363,191118
5/3/2026,4/1/2024,4/30/2024,Florida,29693,397615,56,43787,187675
5/3/2026,3/1/2024,3/31/2024,Florida,29624,390089,54,43492,183347
5/3/2026,2/1/2024,2/29/2024,Florida,29906,385000,54,43281,178141
5/3/2026,1/1/2024,1/31/2024,Florida,28448,380000,51,42820,172278
5/3/2026,4/1/2026,4/30/2026,Georgia,10594,367787,59,15487,66136
5/3/2026,3/1/2026,3/31/2026,Georgia,10868,359000,58,15699,66856
5/3/2026,2/1/2026,2/28/2026,Georgia,10858,350000,61,15476,67735
5/3/2026,1/1/2026,1/31/2026,Georgia,10667,344900,60,16036,68383
5/3/2026,12/1/2025,12/31/2025,Georgia,10940,355300,62,15394,69590
5/3/2026,11/1/2025,11/30/2025,Georgia,10790,359803,63,15503,70030
5/3/2026,10/1/2025,10/31/2025,Georgia,10790,355000,64,15851,69132
5/3/2026,9/1/2025,9/30/2025,Georgia,10957,353350,64,15556,68032
5/3/2026,8/1/2025,8/31/2025,Georgia,10802,361128,63,15478,67242
5/3/2026,7/1/2025,7/31/2025,Georgia,10719,365000,62,15368,66630
5/3/2026,6/1/2025,6/30/2025,Georgia,11051,374000,59,15187,66224
5/3/2026,5/1/2025,5/31/2025,Georgia,10915,365000,57,15350,66188
5/3/2026,4/1/2025,4/30/2025,Georgia,10987,360000,54,15448,65095
5/3/2026,3/1/2025,3/31/2025,Georgia,10735,360000,53,15368,63261
5/3/2026,2/1/2025,2/28/2025,Georgia,10964,350000,54,15397,61019
5/3/2026,1/1/2025,1/31/2025,Georgia,10929,348990,55,14689,58654
5/3/2026,12/1/2024,12/31/2024,Georgia,11102,360000,53,15366,57066
5/3/2026,11/1/2024,11/30/2024,Georgia,11001,359900,52,15050,55641
5/3/2026,10/1/2024,10/31/2024,Georgia,11000,361000,53,14868,54866
5/3/2026,9/1/2024,9/30/2024,Georgia,10900,363948,50,14963,54711
5/3/2026,8/1/2024,8/31/2024,Georgia,10943,359500,49,15127,54711
5/3/2026,7/1/2024,7/31/2024,Georgia,11109,361309,47,14842,54691
5/3/2026,6/1/2024,6/30/2024,Georgia,10838,365000,45,15262,54724
5/3/2026,5/1/2024,5/31/2024,Georgia,11102,368940,44,15040,53905
5/3/2026,4/1/2024,4/30/2024,Georgia,11174,360000,42,15306,53220
5/3/2026,3/1/2024,3/31/2024,Georgia,11271,355000,40,15007,52579
5/3/2026,2/1/2024,2/29/2024,Georgia,11178,350000,40,15446,51784
5/3/2026,1/1/2024,1/31/2024,Georgia,11167,340900,40,15368,51084
5/3/2026,4/1/2026,4/30/2026,Hawaii,910,722616,97,1356,7971
5/3/2026,3/1/2026,3/31/2026,Hawaii,1011,750000,98,1324,7928
5/3/2026,2/1/2026,2/28/2026,Hawaii,985,758000,93,1391,8054
5/3/2026,1/1/2026,1/31/2026,Hawaii,982,735500,95,1496,8153
5/3/2026,12/1/2025,12/31/2025,Hawaii,1060,750000,96,1401,8122
5/3/2026,11/1/2025,11/30/2025,Hawaii,1073,740000,98,1492,8214
5/3/2026,10/1/2025,10/31/2025,Hawaii,1150,765000,92,1545,8385
5/3/2026,9/1/2025,9/30/2025,Hawaii,1465,749500,66,1841,8699
5/3/2026,8/1/2025,8/31/2025,Hawaii,990,740000,100,1443,8331
5/3/2026,7/1/2025,7/31/2025,Hawaii,952,718000,98,1335,8335
5/3/2026,6/1/2025,6/30/2025,Hawaii,991,750000,90,1409,8517
5/3/2026,5/1/2025,5/31/2025,Hawaii,908,739000,89,1520,8510
5/3/2026,4/1/2025,4/30/2025,Hawaii,941,731000,90,1593,8368
5/3/2026,3/1/2025,3/31/2025,Hawaii,949,735000,89,1683,8158
5/3/2026,2/1/2025,2/28/2025,Hawaii,957,735000,89,1465,7834
5/3/2026,1/1/2025,1/31/2025,Hawaii,1019,775000,86,1499,7848
5/3/2026,12/1/2024,12/31/2024,Hawaii,950,750000,87,1424,7657
5/3/2026,11/1/2024,11/30/2024,Hawaii,966,750000,88,1462,7528
5/3/2026,10/1/2024,10/31/2024,Hawaii,969,730000,82,1305,7347
5/3/2026,9/1/2024,9/30/2024,Hawaii,910,750000,83,1408,7345
5/3/2026,8/1/2024,8/31/2024,Hawaii,968,750000,79,1391,7183
5/3/2026,7/1/2024,7/31/2024,Hawaii,994,765000,80,1447,7019
5/3/2026,6/1/2024,6/30/2024,Hawaii,936,800000,77,1384,6773
5/3/2026,5/1/2024,5/31/2024,Hawaii,1041,750000,78,1480,6678
5/3/2026,4/1/2024,4/30/2024,Hawaii,1044,781750,74,1358,6418
5/3/2026,3/1/2024,3/31/2024,Hawaii,981,795000,74,1409,6284
5/3/2026,2/1/2024,2/29/2024,Hawaii,1053,735000,73,1268,6102
5/3/2026,1/1/2024,1/31/2024,Hawaii,984,740000,74,1287,6044
5/3/2026,4/1/2026,4/30/2026,Idaho,2741,473428,52,3045,11093
5/3/2026,3/1/2026,3/31/2026,Idaho,2632,464000,53,3008,11095
5/3/2026,2/1/2026,2/28/2026,Idaho,2599,465000,52,2978,11381
5/3/2026,1/1/2026,1/31/2026,Idaho,2516,469800,51,3020,11544
5/3/2026,12/1/2025,12/31/2025,Idaho,2560,460000,51,2922,11609
5/3/2026,11/1/2025,11/30/2025,Idaho,2567,469900,52,3077,11838
5/3/2026,10/1/2025,10/31/2025,Idaho,2487,484900,53,2831,11760
5/3/2026,9/1/2025,9/30/2025,Idaho,2407,475000,54,2914,11953
5/3/2026,8/1/2025,8/31/2025,Idaho,2505,475500,52,2810,12084
5/3/2026,7/1/2025,7/31/2025,Idaho,2464,475000,51,2740,12185
5/3/2026,6/1/2025,6/30/2025,Idaho,2419,483000,52,2792,12272
5/3/2026,5/1/2025,5/31/2025,Idaho,2429,476947,50,3051,12308
5/3/2026,4/1/2025,4/30/2025,Idaho,2419,459900,50,3070,12109
5/3/2026,3/1/2025,3/31/2025,Idaho,2364,470000,49,3137,12021
5/3/2026,2/1/2025,2/28/2025,Idaho,2527,454900,50,3038,11756
5/3/2026,1/1/2025,1/31/2025,Idaho,2289,459280,50,3207,11702
5/3/2026,12/1/2024,12/31/2024,Idaho,2498,463000,47,3130,11328
5/3/2026,11/1/2024,11/30/2024,Idaho,2458,450000,47,2881,11139
5/3/2026,10/1/2024,10/31/2024,Idaho,2431,459900,48,2922,11210
5/3/2026,9/1/2024,9/30/2024,Idaho,2321,469990,45,2866,11025
5/3/2026,8/1/2024,8/31/2024,Idaho,2170,459150,47,2799,10727
5/3/2026,7/1/2024,7/31/2024,Idaho,2275,470000,48,2622,10473
5/3/2026,6/1/2024,6/30/2024,Idaho,2223,470000,46,2714,10579
5/3/2026,5/1/2024,5/31/2024,Idaho,2247,470000,47,2685,10436
5/3/2026,4/1/2024,4/30/2024,Idaho,2288,464990,45,2873,10502
5/3/2026,3/1/2024,3/31/2024,Idaho,2240,454750,46,2732,10346
5/3/2026,2/1/2024,2/29/2024,Idaho,2253,444000,44,2588,10305
5/3/2026,1/1/2024,1/31/2024,Idaho,2174,434990,41,2434,10315
5/3/2026,4/1/2026,4/30/2026,Illinois,11560,327918,48,14328,46306
5/3/2026,3/1/2026,3/31/2026,Illinois,11329,312500,49,13915,45422
5/3/2026,2/1/2026,2/28/2026,Illinois,11286,295000,50,13802,45216
5/3/2026,1/1/2026,1/31/2026,Illinois,11109,286750,50,13729,45054
5/3/2026,12/1/2025,12/31/2025,Illinois,11556,299900,50,13318,44875
5/3/2026,11/1/2025,11/30/2025,Illinois,11389,300000,51,13469,45026
5/3/2026,10/1/2025,10/31/2025,Illinois,11409,303000,50,13642,44903
5/3/2026,9/1/2025,9/30/2025,Illinois,11292,301750,51,13572,44723
5/3/2026,8/1/2025,8/31/2025,Illinois,11247,315000,51,13416,44518
5/3/2026,7/1/2025,7/31/2025,Illinois,11408,318000,51,13292,44473
5/3/2026,6/1/2025,6/30/2025,Illinois,11506,323000,51,13354,44575
5/3/2026,5/1/2025,5/31/2025,Illinois,11297,316000,49,13668,44586
5/3/2026,4/1/2025,4/30/2025,Illinois,11229,310000,48,13524,44418
5/3/2026,3/1/2025,3/31/2025,Illinois,11382,295000,49,13743,44811
5/3/2026,2/1/2025,2/28/2025,Illinois,11910,282000,49,13969,44907
5/3/2026,1/1/2025,1/31/2025,Illinois,11914,282500,51,13751,44756
5/3/2026,12/1/2024,12/31/2024,Illinois,11637,280500,50,14061,44606
5/3/2026,11/1/2024,11/30/2024,Illinois,11663,285000,49,13696,44228
5/3/2026,10/1/2024,10/31/2024,Illinois,11355,285000,50,13764,43953
5/3/2026,9/1/2024,9/30/2024,Illinois,11062,290000,51,13543,43415
5/3/2026,8/1/2024,8/31/2024,Illinois,11210,295000,50,13400,42927
5/3/2026,7/1/2024,7/31/2024,Illinois,11282,307000,50,13174,42578
5/3/2026,6/1/2024,6/30/2024,Illinois,10823,315000,50,13069,42119
5/3/2026,5/1/2024,5/31/2024,Illinois,11220,300000,49,13069,41975
5/3/2026,4/1/2024,4/30/2024,Illinois,11356,290000,49,13055,42088
5/3/2026,3/1/2024,3/31/2024,Illinois,11502,280000,45,13064,42020
5/3/2026,2/1/2024,2/29/2024,Illinois,11304,267500,46,12969,41665
5/3/2026,1/1/2024,1/31/2024,Illinois,11291,257250,46,12674,41764
5/3/2026,4/1/2026,4/30/2026,Indiana,7360,271106,36,8628,28249
5/3/2026,3/1/2026,3/31/2026,Indiana,7129,269900,37,8498,27655
5/3/2026,2/1/2026,2/28/2026,Indiana,7195,260000,36,8482,27301
5/3/2026,1/1/2026,1/31/2026,Indiana,7112,250000,36,8454,26958
5/3/2026,12/1/2025,12/31/2025,Indiana,7168,262000,35,8252,26770
5/3/2026,11/1/2025,11/30/2025,Indiana,7074,265000,34,8396,26980
5/3/2026,10/1/2025,10/31/2025,Indiana,6997,270000,35,8482,26865
5/3/2026,9/1/2025,9/30/2025,Indiana,6936,270000,35,8329,26483
5/3/2026,8/1/2025,8/31/2025,Indiana,7065,275000,34,8356,26327
5/3/2026,7/1/2025,7/31/2025,Indiana,6919,275000,34,8302,26143
5/3/2026,6/1/2025,6/30/2025,Indiana,6926,275000,34,8245,25924
5/3/2026,5/1/2025,5/31/2025,Indiana,6982,270000,32,8326,26028
5/3/2026,4/1/2025,4/30/2025,Indiana,6905,263900,33,8248,26037
5/3/2026,3/1/2025,3/31/2025,Indiana,6956,260000,31,8386,25957
5/3/2026,2/1/2025,2/28/2025,Indiana,6938,254450,32,8207,25074
5/3/2026,1/1/2025,1/31/2025,Indiana,6865,249900,29,8145,24527
5/3/2026,12/1/2024,12/31/2024,Indiana,6900,252000,29,8228,24240
5/3/2026,11/1/2024,11/30/2024,Indiana,6850,260000,29,8119,23728
5/3/2026,10/1/2024,10/31/2024,Indiana,6869,257850,29,8057,23443
5/3/2026,9/1/2024,9/30/2024,Indiana,6859,260000,27,7998,23151
5/3/2026,8/1/2024,8/31/2024,Indiana,6623,265000,28,8015,22854
5/3/2026,7/1/2024,7/31/2024,Indiana,6780,264900,27,7903,22234
5/3/2026,6/1/2024,6/30/2024,Indiana,6632,270000,27,7886,21840
5/3/2026,5/1/2024,5/31/2024,Indiana,6643,265000,27,7822,21708
5/3/2026,4/1/2024,4/30/2024,Indiana,6744,250000,26,7731,21604
5/3/2026,3/1/2024,3/31/2024,Indiana,6741,249900,26,7708,21522
5/3/2026,2/1/2024,2/29/2024,Indiana,6770,239900,27,7732,21931
5/3/2026,1/1/2024,1/31/2024,Indiana,6688,235000,27,7649,21643
5/3/2026,4/1/2026,4/30/2026,Iowa,3350,244194,40,3826,13584
5/3/2026,3/1/2026,3/31/2026,Iowa,3377,245000,54,3868,13807
5/3/2026,2/1/2026,2/28/2026,Iowa,3384,233000,44,4042,14090
5/3/2026,1/1/2026,1/31/2026,Iowa,3263,229000,42,3869,14192
5/3/2026,12/1/2025,12/31/2025,Iowa,3363,230000,42,3708,14028
5/3/2026,11/1/2025,11/30/2025,Iowa,3289,237500,42,3838,14153
5/3/2026,10/1/2025,10/31/2025,Iowa,3224,245000,42,4023,14095
5/3/2026,9/1/2025,9/30/2025,Iowa,3270,239990,40,3882,13811
5/3/2026,8/1/2025,8/31/2025,Iowa,3250,245000,40,3786,13548
5/3/2026,7/1/2025,7/31/2025,Iowa,3119,245000,40,3851,13454
5/3/2026,6/1/2025,6/30/2025,Iowa,3225,252500,40,3725,13284
5/3/2026,5/1/2025,5/31/2025,Iowa,3301,247500,42,3887,13513
5/3/2026,4/1/2025,4/30/2025,Iowa,3202,235000,41,3940,13468
5/3/2026,3/1/2025,3/31/2025,Iowa,3280,235250,41,3840,13365
5/3/2026,2/1/2025,2/28/2025,Iowa,3287,220000,41,3702,13403
5/3/2026,1/1/2025,1/31/2025,Iowa,3223,218000,39,3857,13676
5/3/2026,12/1/2024,12/31/2024,Iowa,3243,228000,39,3837,13260
5/3/2026,11/1/2024,11/30/2024,Iowa,3216,227000,36,3922,13104
5/3/2026,10/1/2024,10/31/2024,Iowa,3206,235000,37,3745,12912
5/3/2026,9/1/2024,9/30/2024,Iowa,3057,229000,36,3809,12669
5/3/2026,8/1/2024,8/31/2024,Iowa,3052,240000,36,3734,12175
5/3/2026,7/1/2024,7/31/2024,Iowa,3059,243000,35,3468,11796
5/3/2026,6/1/2024,6/30/2024,Iowa,3015,246000,33,3610,11715
5/3/2026,5/1/2024,5/31/2024,Iowa,3051,238000,32,3547,11534
5/3/2026,4/1/2024,4/30/2024,Iowa,3133,230000,34,3581,11632
5/3/2026,3/1/2024,3/31/2024,Iowa,3095,220000,32,3683,11616
5/3/2026,2/1/2024,2/29/2024,Iowa,2995,215000,34,3684,11437
5/3/2026,1/1/2024,1/31/2024,Iowa,3108,215000,33,3027,11140
5/3/2026,4/1/2026,4/30/2026,Kansas,2763,284063,26,3366,9997
5/3/2026,3/1/2026,3/31/2026,Kansas,2809,285000,26,3293,10000
5/3/2026,2/1/2026,2/28/2026,Kansas,2803,269950,28,3421,10185
5/3/2026,1/1/2026,1/31/2026,Kansas,2812,260000,27,3333,10224
5/3/2026,12/1/2025,12/31/2025,Kansas,2876,268500,27,3106,10173
5/3/2026,11/1/2025,11/30/2025,Kansas,2839,280000,27,3339,10468
5/3/2026,10/1/2025,10/31/2025,Kansas,2684,285000,26,3423,10441
5/3/2026,9/1/2025,9/30/2025,Kansas,2722,274500,27,3288,10189
5/3/2026,8/1/2025,8/31/2025,Kansas,2651,285000,26,3297,10164
5/3/2026,7/1/2025,7/31/2025,Kansas,2652,300000,26,3191,9983
5/3/2026,6/1/2025,6/30/2025,Kansas,2641,290000,25,3217,9896
5/3/2026,5/1/2025,5/31/2025,Kansas,2779,280000,25,3381,9891
5/3/2026,4/1/2025,4/30/2025,Kansas,2733,273150,27,3250,9704
5/3/2026,3/1/2025,3/31/2025,Kansas,2642,260000,28,3241,9809
5/3/2026,2/1/2025,2/28/2025,Kansas,2647,269900,26,3178,9757
5/3/2026,1/1/2025,1/31/2025,Kansas,2739,254900,27,3073,9787
5/3/2026,12/1/2024,12/31/2024,Kansas,2760,270500,27,3405,9992
5/3/2026,11/1/2024,11/30/2024,Kansas,2764,269500,26,3226,9768
5/3/2026,10/1/2024,10/31/2024,Kansas,2729,267750,29,3227,9747
5/3/2026,9/1/2024,9/30/2024,Kansas,2562,260000,27,3286,9694
5/3/2026,8/1/2024,8/31/2024,Kansas,2598,269980,29,3194,9456
5/3/2026,7/1/2024,7/31/2024,Kansas,2599,278500,28,3155,9198
5/3/2026,6/1/2024,6/30/2024,Kansas,2573,275000,29,3160,9109
5/3/2026,5/1/2024,5/31/2024,Kansas,2667,263000,28,2992,9009
5/3/2026,4/1/2024,4/30/2024,Kansas,2816,248000,27,3070,9228
5/3/2026,3/1/2024,3/31/2024,Kansas,2782,249250,26,3291,9381
5/3/2026,2/1/2024,2/29/2024,Kansas,2756,250000,27,3106,9219
5/3/2026,1/1/2024,1/31/2024,Kansas,2675,235000,26,2986,9071
5/3/2026,4/1/2026,4/30/2026,Kentucky,3952,274619,47,5244,18683
5/3/2026,3/1/2026,3/31/2026,Kentucky,3825,275000,50,5139,18359
5/3/2026,2/1/2026,2/28/2026,Kentucky,3929,269620,48,4715,17937
5/3/2026,1/1/2026,1/31/2026,Kentucky,3846,262000,46,4913,17780
5/3/2026,12/1/2025,12/31/2025,Kentucky,3914,269900,46,4713,17677
5/3/2026,11/1/2025,11/30/2025,Kentucky,3847,272250,44,4854,17663
5/3/2026,10/1/2025,10/31/2025,Kentucky,3811,277100,44,4944,17436
5/3/2026,9/1/2025,9/30/2025,Kentucky,3848,270000,46,4862,17195
5/3/2026,8/1/2025,8/31/2025,Kentucky,3865,275000,45,4877,16943
5/3/2026,7/1/2025,7/31/2025,Kentucky,3864,280000,44,4738,16859
5/3/2026,6/1/2025,6/30/2025,Kentucky,3817,280000,44,4702,16763
5/3/2026,5/1/2025,5/31/2025,Kentucky,3821,275000,43,4801,16803
5/3/2026,4/1/2025,4/30/2025,Kentucky,3834,262500,42,4769,16717
5/3/2026,3/1/2025,3/31/2025,Kentucky,3781,263000,42,4878,16781
5/3/2026,2/1/2025,2/28/2025,Kentucky,3793,259900,43,4870,16704
5/3/2026,1/1/2025,1/31/2025,Kentucky,3800,260000,41,4527,16033
5/3/2026,12/1/2024,12/31/2024,Kentucky,3853,259932,41,4872,16119
5/3/2026,11/1/2024,11/30/2024,Kentucky,3791,265000,41,4841,15812
5/3/2026,10/1/2024,10/31/2024,Kentucky,3790,263000,39,4677,15452
5/3/2026,9/1/2024,9/30/2024,Kentucky,3715,265000,38,4618,15161
5/3/2026,8/1/2024,8/31/2024,Kentucky,3652,261751,38,4627,14732
5/3/2026,7/1/2024,7/31/2024,Kentucky,3716,264900,39,4533,14442
5/3/2026,6/1/2024,6/30/2024,Kentucky,3679,270000,38,4454,14352
5/3/2026,5/1/2024,5/31/2024,Kentucky,3686,266000,39,4487,14237
5/3/2026,4/1/2024,4/30/2024,Kentucky,3679,255000,37,4424,14265
5/3/2026,3/1/2024,3/31/2024,Kentucky,3750,252700,35,4524,14501
5/3/2026,2/1/2024,2/29/2024,Kentucky,3655,249950,36,4684,14560
5/3/2026,1/1/2024,1/31/2024,Kentucky,3602,240000,35,4394,14181
5/3/2026,4/1/2026,4/30/2026,Louisiana,3491,259145,64,4394,20890
5/3/2026,3/1/2026,3/31/2026,Louisiana,3464,255000,67,4558,21133
5/3/2026,2/1/2026,2/28/2026,Louisiana,3287,255000,66,4484,21175
5/3/2026,1/1/2026,1/31/2026,Louisiana,3390,247140,65,4362,21381
5/3/2026,12/1/2025,12/31/2025,Louisiana,3500,245000,62,4211,21308
5/3/2026,11/1/2025,11/30/2025,Louisiana,3398,250000,58,4570,21464
5/3/2026,10/1/2025,10/31/2025,Louisiana,3354,255000,60,4736,21331
5/3/2026,9/1/2025,9/30/2025,Louisiana,3536,251000,60,4554,21255
5/3/2026,8/1/2025,8/31/2025,Louisiana,3511,255000,65,4450,21262
5/3/2026,7/1/2025,7/31/2025,Louisiana,3427,250000,62,4322,21605
5/3/2026,6/1/2025,6/30/2025,Louisiana,3418,262000,62,4370,21584
5/3/2026,5/1/2025,5/31/2025,Louisiana,3326,257000,62,4627,21594
5/3/2026,4/1/2025,4/30/2025,Louisiana,3271,249900,65,4624,21480
5/3/2026,3/1/2025,3/31/2025,Louisiana,3260,245000,67,4621,21293
5/3/2026,2/1/2025,2/28/2025,Louisiana,3401,249000,66,4576,21110
5/3/2026,1/1/2025,1/31/2025,Louisiana,3151,248500,61,4163,20859
5/3/2026,12/1/2024,12/31/2024,Louisiana,3452,250000,63,4497,20995
5/3/2026,11/1/2024,11/30/2024,Louisiana,3613,240000,65,4360,21229
5/3/2026,10/1/2024,10/31/2024,Louisiana,3309,238900,68,4632,21893
5/3/2026,9/1/2024,9/30/2024,Louisiana,3133,245000,69,4226,21451
5/3/2026,8/1/2024,8/31/2024,Louisiana,3276,244000,67,4566,21603
5/3/2026,7/1/2024,7/31/2024,Louisiana,3437,249000,68,4364,21397
5/3/2026,6/1/2024,6/30/2024,Louisiana,3288,250000,64,4449,21230
5/3/2026,5/1/2024,5/31/2024,Louisiana,3448,247000,65,4475,21184
5/3/2026,4/1/2024,4/30/2024,Louisiana,3534,245000,64,4680,21044
5/3/2026,3/1/2024,3/31/2024,Louisiana,3606,241900,63,4442,20662
5/3/2026,2/1/2024,2/29/2024,Louisiana,3416,236000,63,4359,20505
5/3/2026,1/1/2024,1/31/2024,Louisiana,3361,233500,64,4252,20223
5/3/2026,4/1/2026,4/30/2026,Maine,1605,398137,42,2356,7837
5/3/2026,3/1/2026,3/31/2026,Maine,1590,367500,47,2184,7582
5/3/2026,2/1/2026,2/28/2026,Maine,1602,360000,43,2029,7517
5/3/2026,1/1/2026,1/31/2026,Maine,1567,375000,39,2070,7388
5/3/2026,12/1/2025,12/31/2025,Maine,1643,374900,41,2109,7282
5/3/2026,11/1/2025,11/30/2025,Maine,1568,385000,43,2043,7170
5/3/2026,10/1/2025,10/31/2025,Maine,1631,415000,43,2049,6986
5/3/2026,9/1/2025,9/30/2025,Maine,1588,389000,42,2014,6839
5/3/2026,8/1/2025,8/31/2025,Maine,1627,399900,47,1945,6712
5/3/2026,7/1/2025,7/31/2025,Maine,1616,400000,48,1905,6705
5/3/2026,6/1/2025,6/30/2025,Maine,1571,400000,46,1954,6651
5/3/2026,5/1/2025,5/31/2025,Maine,1617,400000,42,2011,6619
5/3/2026,4/1/2025,4/30/2025,Maine,1577,395000,41,2030,6557
5/3/2026,3/1/2025,3/31/2025,Maine,1580,365000,38,1995,6328
5/3/2026,2/1/2025,2/28/2025,Maine,1577,365000,36,1925,6156
5/3/2026,1/1/2025,1/31/2025,Maine,1588,375850,39,1984,6140
5/3/2026,12/1/2024,12/31/2024,Maine,1557,392500,37,1912,6138
5/3/2026,11/1/2024,11/30/2024,Maine,1573,367500,37,1877,6011
5/3/2026,10/1/2024,10/31/2024,Maine,1511,379000,35,1917,5934
5/3/2026,9/1/2024,9/30/2024,Maine,1551,392000,38,1842,5807
5/3/2026,8/1/2024,8/31/2024,Maine,1494,387500,38,1857,5683
5/3/2026,7/1/2024,7/31/2024,Maine,1497,389000,38,1772,5557
5/3/2026,6/1/2024,6/30/2024,Maine,1508,390000,38,1789,5453
5/3/2026,5/1/2024,5/31/2024,Maine,1479,380000,37,1766,5400
5/3/2026,4/1/2024,4/30/2024,Maine,1485,370000,34,1635,5246
5/3/2026,3/1/2024,3/31/2024,Maine,1520,365000,29,1757,5340
5/3/2026,2/1/2024,2/29/2024,Maine,1497,330000,33,1895,5372
5/3/2026,1/1/2024,1/31/2024,Maine,1464,340000,33,1841,5155
5/3/2026,4/1/2026,4/30/2026,Maryland,5633,433570,44,7620,24639
5/3/2026,3/1/2026,3/31/2026,Maryland,5471,425000,43,7299,23592
5/3/2026,2/1/2026,2/28/2026,Maryland,5749,420615,44,6761,23495
5/3/2026,1/1/2026,1/31/2026,Maryland,5642,405000,44,7032,23777
5/3/2026,12/1/2025,12/31/2025,Maryland,5792,426000,44,6970,23954
5/3/2026,11/1/2025,11/30/2025,Maryland,5719,425000,43,7073,23692
5/3/2026,10/1/2025,10/31/2025,Maryland,5681,434990,42,7195,23448
5/3/2026,9/1/2025,9/30/2025,Maryland,5681,425000,41,7236,23109
5/3/2026,8/1/2025,8/31/2025,Maryland,5606,435000,42,6916,22681
5/3/2026,7/1/2025,7/31/2025,Maryland,5581,440000,41,6652,22357
5/3/2026,6/1/2025,6/30/2025,Maryland,5633,449900,42,7008,22254
5/3/2026,5/1/2025,5/31/2025,Maryland,5630,438000,39,7080,22058
5/3/2026,4/1/2025,4/30/2025,Maryland,5697,431023,35,6986,21695
5/3/2026,3/1/2025,3/31/2025,Maryland,5710,419900,33,7272,21379
5/3/2026,2/1/2025,2/28/2025,Maryland,5772,405000,32,7204,20546
5/3/2026,1/1/2025,1/31/2025,Maryland,5890,400000,33,6953,19910
5/3/2026,12/1/2024,12/31/2024,Maryland,6024,420000,33,6911,19580
5/3/2026,11/1/2024,11/30/2024,Maryland,5931,423500,32,7062,19486
5/3/2026,10/1/2024,10/31/2024,Maryland,5934,421000,33,7035,19297
5/3/2026,9/1/2024,9/30/2024,Maryland,5631,420000,31,6920,18872
5/3/2026,8/1/2024,8/31/2024,Maryland,5693,424136,31,6736,18517
5/3/2026,7/1/2024,7/31/2024,Maryland,5854,430000,31,6549,18468
5/3/2026,6/1/2024,6/30/2024,Maryland,5753,435000,32,6756,18649
5/3/2026,5/1/2024,5/31/2024,Maryland,5817,428185,31,6715,18307
5/3/2026,4/1/2024,4/30/2024,Maryland,5795,412000,31,6421,18135
5/3/2026,3/1/2024,3/31/2024,Maryland,5909,400000,27,6435,18332
5/3/2026,2/1/2024,2/29/2024,Maryland,5695,399000,27,6830,18373
5/3/2026,1/1/2024,1/31/2024,Maryland,5515,380000,29,6721,17956
5/3/2026,4/1/2026,4/30/2026,Massachusetts,4932,652846,26,6678,19935
5/3/2026,3/1/2026,3/31/2026,Massachusetts,5008,625000,28,6663,18492
5/3/2026,2/1/2026,2/28/2026,Massachusetts,5041,585000,29,6344,18119
5/3/2026,1/1/2026,1/31/2026,Massachusetts,5064,623500,27,6598,18314
5/3/2026,12/1/2025,12/31/2025,Massachusetts,5211,620000,27,6487,18375
5/3/2026,11/1/2025,11/30/2025,Massachusetts,5187,635625,27,6596,18610
5/3/2026,10/1/2025,10/31/2025,Massachusetts,5240,635000,26,6543,18519
5/3/2026,9/1/2025,9/30/2025,Massachusetts,5227,625000,27,6655,18397
5/3/2026,8/1/2025,8/31/2025,Massachusetts,5232,650000,26,6498,18020
5/3/2026,7/1/2025,7/31/2025,Massachusetts,5267,670000,25,6533,17961
5/3/2026,6/1/2025,6/30/2025,Massachusetts,5210,680000,25,6577,18000
5/3/2026,5/1/2025,5/31/2025,Massachusetts,5367,665250,24,6489,17907
5/3/2026,4/1/2025,4/30/2025,Massachusetts,5304,636500,24,6660,17886
5/3/2026,3/1/2025,3/31/2025,Massachusetts,5188,610000,22,6437,17696
5/3/2026,2/1/2025,2/28/2025,Massachusetts,5446,590000,22,6610,17434
5/3/2026,1/1/2025,1/31/2025,Massachusetts,5249,600000,24,6454,17126
5/3/2026,12/1/2024,12/31/2024,Massachusetts,5350,615000,23,6584,16809
5/3/2026,11/1/2024,11/30/2024,Massachusetts,5252,615000,22,6257,16209
5/3/2026,10/1/2024,10/31/2024,Massachusetts,5282,625000,23,6458,16323
5/3/2026,9/1/2024,9/30/2024,Massachusetts,5103,610000,22,6443,15959
5/3/2026,8/1/2024,8/31/2024,Massachusetts,5114,630000,23,6210,15201
5/3/2026,7/1/2024,7/31/2024,Massachusetts,5147,650000,22,6254,15031
5/3/2026,6/1/2024,6/30/2024,Massachusetts,5141,660000,23,6287,15010
5/3/2026,5/1/2024,5/31/2024,Massachusetts,5120,633231,23,6278,15063
5/3/2026,4/1/2024,4/30/2024,Massachusetts,5157,615000,23,6032,14738
5/3/2026,3/1/2024,3/31/2024,Massachusetts,5222,600000,21,6186,15700
5/3/2026,2/1/2024,2/29/2024,Massachusetts,5056,550000,20,6041,16350
5/3/2026,1/1/2024,1/31/2024,Massachusetts,4955,560000,21,6191,15970
5/3/2026,4/1/2026,4/30/2026,Michigan,9622,279079,32,12145,38431
5/3/2026,3/1/2026,3/31/2026,Michigan,9567,265000,34,12040,37851
5/3/2026,2/1/2026,2/28/2026,Michigan,9730,255000,35,12015,37642
5/3/2026,1/1/2026,1/31/2026,Michigan,9760,249000,34,11878,37348
5/3/2026,12/1/2025,12/31/2025,Michigan,9773,264250,33,11812,37315
5/3/2026,11/1/2025,11/30/2025,Michigan,9879,265000,32,11943,37591
5/3/2026,10/1/2025,10/31/2025,Michigan,9821,269000,32,12027,37481
5/3/2026,9/1/2025,9/30/2025,Michigan,9887,277460,32,11980,37160
5/3/2026,8/1/2025,8/31/2025,Michigan,9926,280000,32,11927,37145
5/3/2026,7/1/2025,7/31/2025,Michigan,9936,286000,31,12001,36960
5/3/2026,6/1/2025,6/30/2025,Michigan,9909,287500,31,12014,36673
5/3/2026,5/1/2025,5/31/2025,Michigan,9969,279000,31,12054,36387
5/3/2026,4/1/2025,4/30/2025,Michigan,9828,265000,31,11998,36027
5/3/2026,3/1/2025,3/31/2025,Michigan,9969,251188,30,12086,35843
5/3/2026,2/1/2025,2/28/2025,Michigan,9965,250000,29,11902,35445
5/3/2026,1/1/2025,1/31/2025,Michigan,9831,240000,29,11975,35247
5/3/2026,12/1/2024,12/31/2024,Michigan,9908,250000,29,11827,35058
5/3/2026,11/1/2024,11/30/2024,Michigan,9906,259000,29,11812,34645
5/3/2026,10/1/2024,10/31/2024,Michigan,9777,260000,28,11641,34309
5/3/2026,9/1/2024,9/30/2024,Michigan,9781,261500,28,11709,33998
5/3/2026,8/1/2024,8/31/2024,Michigan,9645,268000,27,11570,33353
5/3/2026,7/1/2024,7/31/2024,Michigan,9748,270000,28,11495,32875
5/3/2026,6/1/2024,6/30/2024,Michigan,9692,274600,27,11315,32804
5/3/2026,5/1/2024,5/31/2024,Michigan,9732,269900,26,11478,32681
5/3/2026,4/1/2024,4/30/2024,Michigan,9994,254000,26,11587,32703
5/3/2026,3/1/2024,3/31/2024,Michigan,9781,245000,24,11610,32526
5/3/2026,2/1/2024,2/29/2024,Michigan,9760,233488,24,11494,31851
5/3/2026,1/1/2024,1/31/2024,Michigan,9829,223250,24,11502,31202
5/3/2026,4/1/2026,4/30/2026,Minnesota,5807,358717,36,7652,22996
5/3/2026,3/1/2026,3/31/2026,Minnesota,5806,350000,35,7279,22725
5/3/2026,2/1/2026,2/28/2026,Minnesota,5690,340000,36,7140,22756
5/3/2026,1/1/2026,1/31/2026,Minnesota,5513,335475,33,6875,22586
5/3/2026,12/1/2025,12/31/2025,Minnesota,6037,346900,33,6888,22453
5/3/2026,11/1/2025,11/30/2025,Minnesota,5883,351500,33,7189,22396
5/3/2026,10/1/2025,10/31/2025,Minnesota,5754,354000,33,6975,22030
5/3/2026,9/1/2025,9/30/2025,Minnesota,5752,360000,33,6876,21886
5/3/2026,8/1/2025,8/31/2025,Minnesota,5768,362995,34,6813,21721
5/3/2026,7/1/2025,7/31/2025,Minnesota,5711,365000,34,6783,21579
5/3/2026,6/1/2025,6/30/2025,Minnesota,5803,370000,33,6717,21435
5/3/2026,5/1/2025,5/31/2025,Minnesota,5998,360000,32,6850,21307
5/3/2026,4/1/2025,4/30/2025,Minnesota,6029,360000,33,7060,21161
5/3/2026,3/1/2025,3/31/2025,Minnesota,6010,346000,33,7317,21240
5/3/2026,2/1/2025,2/28/2025,Minnesota,6007,345000,32,6651,21007
5/3/2026,1/1/2025,1/31/2025,Minnesota,6059,335000,33,7214,20957
5/3/2026,12/1/2024,12/31/2024,Minnesota,5951,336500,31,7004,20767
5/3/2026,11/1/2024,11/30/2024,Minnesota,5775,340300,32,6705,20631
5/3/2026,10/1/2024,10/31/2024,Minnesota,5745,347538,32,6816,20530
5/3/2026,9/1/2024,9/30/2024,Minnesota,5430,350000,32,6850,20285
5/3/2026,8/1/2024,8/31/2024,Minnesota,5511,352500,33,6562,19896
5/3/2026,7/1/2024,7/31/2024,Minnesota,5549,355000,31,6512,19755
5/3/2026,6/1/2024,6/30/2024,Minnesota,5453,359970,32,6466,19546
5/3/2026,5/1/2024,5/31/2024,Minnesota,5769,352500,32,6387,19453
5/3/2026,4/1/2024,4/30/2024,Minnesota,5899,351000,31,6593,19551
5/3/2026,3/1/2024,3/31/2024,Minnesota,5948,335000,30,6686,19462
5/3/2026,2/1/2024,2/29/2024,Minnesota,5998,330000,29,6900,19321
5/3/2026,1/1/2024,1/31/2024,Minnesota,5877,316650,29,6998,19119
5/3/2026,4/1/2026,4/30/2026,Mississippi,1879,269112,46,2653,11204
5/3/2026,3/1/2026,3/31/2026,Mississippi,1803,260900,46,2707,11003
5/3/2026,2/1/2026,2/28/2026,Mississippi,1815,260000,53,2618,10792
5/3/2026,1/1/2026,1/31/2026,Mississippi,1822,250750,47,2579,10654
5/3/2026,12/1/2025,12/31/2025,Mississippi,1863,260000,47,2477,10494
5/3/2026,11/1/2025,11/30/2025,Mississippi,1802,263890,47,2616,10490
5/3/2026,10/1/2025,10/31/2025,Mississippi,1779,264500,43,2563,10367
5/3/2026,9/1/2025,9/30/2025,Mississippi,1847,261655,47,2536,10310
5/3/2026,8/1/2025,8/31/2025,Mississippi,1770,265000,48,2458,10270
5/3/2026,7/1/2025,7/31/2025,Mississippi,1809,260000,49,2483,10231
5/3/2026,6/1/2025,6/30/2025,Mississippi,1835,270000,45,2426,10181
5/3/2026,5/1/2025,5/31/2025,Mississippi,1816,269900,44,2422,10210
5/3/2026,4/1/2025,4/30/2025,Mississippi,1776,265000,47,2485,10243
5/3/2026,3/1/2025,3/31/2025,Mississippi,1831,258740,49,2454,10313
5/3/2026,2/1/2025,2/28/2025,Mississippi,1867,254000,49,2528,10320
5/3/2026,1/1/2025,1/31/2025,Mississippi,1794,249900,51,2584,10215
5/3/2026,12/1/2024,12/31/2024,Mississippi,1820,260000,45,2411,10085
5/3/2026,11/1/2024,11/30/2024,Mississippi,1865,254000,45,2461,10012
5/3/2026,10/1/2024,10/31/2024,Mississippi,1846,257000,48,2537,9987
5/3/2026,9/1/2024,9/30/2024,Mississippi,1774,255000,46,2477,9852
5/3/2026,8/1/2024,8/31/2024,Mississippi,1832,253990,48,2476,9787
5/3/2026,7/1/2024,7/31/2024,Mississippi,1815,258700,43,2295,9668
5/3/2026,6/1/2024,6/30/2024,Mississippi,1830,260000,43,2447,9687
5/3/2026,5/1/2024,5/31/2024,Mississippi,1863,260000,43,2406,9553
5/3/2026,4/1/2024,4/30/2024,Mississippi,1874,236990,41,2572,9536
5/3/2026,3/1/2024,3/31/2024,Mississippi,1857,249990,41,2542,9450
5/3/2026,2/1/2024,2/29/2024,Mississippi,1859,249250,38,2540,9405
5/3/2026,1/1/2024,1/31/2024,Mississippi,1873,230000,43,2386,9284
5/3/2026,4/1/2026,4/30/2026,Missouri,6802,284063,31,8575,28154
5/3/2026,3/1/2026,3/31/2026,Missouri,6715,277825,32,8491,27791
5/3/2026,2/1/2026,2/28/2026,Missouri,6821,270000,33,8596,27691
5/3/2026,1/1/2026,1/31/2026,Missouri,6704,265000,33,8475,27502
5/3/2026,12/1/2025,12/31/2025,Missouri,6740,275000,33,8228,27340
5/3/2026,11/1/2025,11/30/2025,Missouri,6682,279900,34,8365,27631
5/3/2026,10/1/2025,10/31/2025,Missouri,6622,285000,34,8321,27504
5/3/2026,9/1/2025,9/30/2025,Missouri,6635,279900,34,8220,27249
5/3/2026,8/1/2025,8/31/2025,Missouri,6608,280000,36,8158,27183
5/3/2026,7/1/2025,7/31/2025,Missouri,6549,285000,33,8101,26944
5/3/2026,6/1/2025,6/30/2025,Missouri,6553,290000,33,8037,26774
5/3/2026,5/1/2025,5/31/2025,Missouri,6590,280000,33,8308,27943
5/3/2026,4/1/2025,4/30/2025,Missouri,6473,270000,33,7979,26230
5/3/2026,3/1/2025,3/31/2025,Missouri,6557,264000,33,8019,26131
5/3/2026,2/1/2025,2/28/2025,Missouri,6447,255500,33,7856,25693
5/3/2026,1/1/2025,1/31/2025,Missouri,6463,255000,32,7828,25303
5/3/2026,12/1/2024,12/31/2024,Missouri,6563,259900,32,7970,25473
5/3/2026,11/1/2024,11/30/2024,Missouri,6509,262000,32,7758,25081
5/3/2026,10/1/2024,10/31/2024,Missouri,6488,269894,32,7734,24883
5/3/2026,9/1/2024,9/30/2024,Missouri,6454,265000,32,7812,24674
5/3/2026,8/1/2024,8/31/2024,Missouri,6427,269900,33,7708,24108
5/3/2026,7/1/2024,7/31/2024,Missouri,6439,270000,33,7598,23776
5/3/2026,6/1/2024,6/30/2024,Missouri,6386,280000,33,7696,23698
5/3/2026,5/1/2024,5/31/2024,Missouri,6411,269000,29,7505,23495
5/3/2026,4/1/2024,4/30/2024,Missouri,6478,260000,29,7655,23457
5/3/2026,3/1/2024,3/31/2024,Missouri,6517,249000,28,7655,23384
5/3/2026,2/1/2024,2/29/2024,Missouri,6408,239000,28,7609,23122
5/3/2026,1/1/2024,1/31/2024,Missouri,6443,239900,28,7355,22399
5/3/2026,4/1/2026,4/30/2026,Montana,1118,512808,87,1448,7305
5/3/2026,3/1/2026,3/31/2026,Montana,1094,499000,92,1477,7246
5/3/2026,2/1/2026,2/28/2026,Montana,1055,499000,88,1625,7217
5/3/2026,1/1/2026,1/31/2026,Montana,1018,499000,85,1376,7088
5/3/2026,12/1/2025,12/31/2025,Montana,1023,475000,86,1358,7052
5/3/2026,11/1/2025,11/30/2025,Montana,1027,499000,84,1413,7101
5/3/2026,10/1/2025,10/31/2025,Montana,1002,506000,84,1385,7041
5/3/2026,9/1/2025,9/30/2025,Montana,983,515000,81,1353,7084
5/3/2026,8/1/2025,8/31/2025,Montana,987,499900,83,1375,7203
5/3/2026,7/1/2025,7/31/2025,Montana,1020,525000,82,1365,7214
5/3/2026,6/1/2025,6/30/2025,Montana,975,499000,79,1407,7215
5/3/2026,5/1/2025,5/31/2025,Montana,975,499700,77,1550,7183
5/3/2026,4/1/2025,4/30/2025,Montana,939,499000,86,1499,7016
5/3/2026,3/1/2025,3/31/2025,Montana,915,515000,88,1519,6796
5/3/2026,2/1/2025,2/28/2025,Montana,976,510000,82,1170,6597
5/3/2026,1/1/2025,1/31/2025,Montana,979,485000,79,1209,6681
5/3/2026,12/1/2024,12/31/2024,Montana,1011,499900,77,1302,6770
5/3/2026,11/1/2024,11/30/2024,Montana,952,490716,80,1361,6780
5/3/2026,10/1/2024,10/31/2024,Montana,932,499000,77,1392,6768
5/3/2026,9/1/2024,9/30/2024,Montana,891,499900,78,1438,6650
5/3/2026,8/1/2024,8/31/2024,Montana,937,499900,75,1354,6482
5/3/2026,7/1/2024,7/31/2024,Montana,851,489900,75,1327,6404
5/3/2026,6/1/2024,6/30/2024,Montana,917,499000,74,1365,6337
5/3/2026,5/1/2024,5/31/2024,Montana,933,490000,73,1416,6245
5/3/2026,4/1/2024,4/30/2024,Montana,966,495000,75,1360,6156
5/3/2026,3/1/2024,3/31/2024,Montana,1003,492500,71,1276,6100
5/3/2026,2/1/2024,2/29/2024,Montana,992,475000,73,1305,6096
5/3/2026,1/1/2024,1/31/2024,Montana,965,472000,69,1209,5972
5/3/2026,4/1/2026,4/30/2026,Nebraska,1880,299014,33,1980,6315
5/3/2026,3/1/2026,3/31/2026,Nebraska,1982,304178,31,2118,6416
5/3/2026,2/1/2026,2/28/2026,Nebraska,1946,299022,34,2077,6450
5/3/2026,1/1/2026,1/31/2026,Nebraska,1827,293867,29,2155,6597
5/3/2026,12/1/2025,12/31/2025,Nebraska,1849,293867,28,2093,6564
5/3/2026,11/1/2025,11/30/2025,Nebraska,1799,309333,29,2086,6692
5/3/2026,10/1/2025,10/31/2025,Nebraska,1861,314356,29,2171,6759
5/3/2026,9/1/2025,9/30/2025,Nebraska,1780,309333,30,2218,6678
5/3/2026,8/1/2025,8/31/2025,Nebraska,1726,305000,30,2142,6576
5/3/2026,7/1/2025,7/31/2025,Nebraska,1767,305000,29,2124,6576
5/3/2026,6/1/2025,6/30/2025,Nebraska,1818,310000,28,2025,6511
5/3/2026,5/1/2025,5/31/2025,Nebraska,1830,310000,29,2137,6554
5/3/2026,4/1/2025,4/30/2025,Nebraska,1802,297000,28,2184,6510
5/3/2026,3/1/2025,3/31/2025,Nebraska,1780,290000,27,2043,6270
5/3/2026,2/1/2025,2/28/2025,Nebraska,1886,287000,28,1997,6170
5/3/2026,1/1/2025,1/31/2025,Nebraska,1810,278500,27,2060,6217
5/3/2026,12/1/2024,12/31/2024,Nebraska,1823,280000,29,2085,6090
5/3/2026,11/1/2024,11/30/2024,Nebraska,1788,292000,27,2071,5994
5/3/2026,10/1/2024,10/31/2024,Nebraska,1672,285000,25,2052,5928
5/3/2026,9/1/2024,9/30/2024,Nebraska,1632,285000,27,1991,5787
5/3/2026,8/1/2024,8/31/2024,Nebraska,1693,294500,25,1850,5671
5/3/2026,7/1/2024,7/31/2024,Nebraska,1718,295000,25,1945,5820
5/3/2026,6/1/2024,6/30/2024,Nebraska,1700,305000,24,1963,5948
5/3/2026,5/1/2024,5/31/2024,Nebraska,1800,296000,23,1984,5890
5/3/2026,4/1/2024,4/30/2024,Nebraska,1831,285000,23,2032,5959
5/3/2026,3/1/2024,3/31/2024,Nebraska,1773,285000,22,2110,5819
5/3/2026,2/1/2024,2/29/2024,Nebraska,1697,275000,22,2099,5696
5/3/2026,1/1/2024,1/31/2024,Nebraska,1793,275000,23,1654,5423
5/3/2026,4/1/2026,4/30/2026,Nevada,3452,458986,62,4510,18858
5/3/2026,3/1/2026,3/31/2026,Nevada,3462,465000,61,4636,18677
5/3/2026,2/1/2026,2/28/2026,Nevada,3346,455000,70,4628,18609
5/3/2026,1/1/2026,1/31/2026,Nevada,3286,454492,61,4447,18410
5/3/2026,12/1/2025,12/31/2025,Nevada,3412,458990,61,4279,18372
5/3/2026,11/1/2025,11/30/2025,Nevada,3362,470000,59,4124,18430
5/3/2026,10/1/2025,10/31/2025,Nevada,3236,455000,58,4282,18310
5/3/2026,9/1/2025,9/30/2025,Nevada,3306,458000,59,4221,18274
5/3/2026,8/1/2025,8/31/2025,Nevada,3282,463500,61,4076,18404
5/3/2026,7/1/2025,7/31/2025,Nevada,3246,460000,60,4127,18760
5/3/2026,6/1/2025,6/30/2025,Nevada,3188,465000,59,4326,18967
5/3/2026,5/1/2025,5/31/2025,Nevada,3210,460000,56,4728,18995
5/3/2026,4/1/2025,4/30/2025,Nevada,3325,460000,54,4918,18514
5/3/2026,3/1/2025,3/31/2025,Nevada,3443,462933,52,4857,17966
5/3/2026,2/1/2025,2/28/2025,Nevada,3613,455000,52,4751,17466
5/3/2026,1/1/2025,1/31/2025,Nevada,3395,454990,50,4797,16996
5/3/2026,12/1/2024,12/31/2024,Nevada,3526,450000,48,4405,16358
5/3/2026,11/1/2024,11/30/2024,Nevada,3447,460000,42,4421,15899
5/3/2026,10/1/2024,10/31/2024,Nevada,3514,456000,45,4396,15558
5/3/2026,9/1/2024,9/30/2024,Nevada,3393,460000,44,4504,15211
5/3/2026,8/1/2024,8/31/2024,Nevada,3514,457111,47,4348,14537
5/3/2026,7/1/2024,7/31/2024,Nevada,3501,460000,45,4302,14238
5/3/2026,6/1/2024,6/30/2024,Nevada,3502,455000,49,4335,14184
5/3/2026,5/1/2024,5/31/2024,Nevada,3525,450000,47,4480,14124
5/3/2026,4/1/2024,4/30/2024,Nevada,3491,447000,44,4122,13925
5/3/2026,3/1/2024,3/31/2024,Nevada,3371,441000,44,4254,14117
5/3/2026,2/1/2024,2/29/2024,Nevada,3506,440000,42,4219,14082
5/3/2026,1/1/2024,1/31/2024,Nevada,3353,425000,44,4179,13929
5/3/2026,4/1/2026,4/30/2026,New Hampshire,1403,508323,42,1872,5980
5/3/2026,3/1/2026,3/31/2026,New Hampshire,1483,495000,44,1805,5650
5/3/2026,2/1/2026,2/28/2026,New Hampshire,1438,490000,42,1795,5569
5/3/2026,1/1/2026,1/31/2026,New Hampshire,1451,511200,43,1757,5578
5/3/2026,12/1/2025,12/31/2025,New Hampshire,1554,500000,42,1795,5683
5/3/2026,11/1/2025,11/30/2025,New Hampshire,1487,502000,40,1761,5609
5/3/2026,10/1/2025,10/31/2025,New Hampshire,1454,500000,41,1787,5536
5/3/2026,9/1/2025,9/30/2025,New Hampshire,1503,510000,41,1762,5486
5/3/2026,8/1/2025,8/31/2025,New Hampshire,1462,530000,40,1743,5394
5/3/2026,7/1/2025,7/31/2025,New Hampshire,1501,515000,40,1732,5399
5/3/2026,6/1/2025,6/30/2025,New Hampshire,1427,530000,39,1750,5340
5/3/2026,5/1/2025,5/31/2025,New Hampshire,1429,517000,39,1702,5285
5/3/2026,4/1/2025,4/30/2025,New Hampshire,1465,490000,36,1723,5295
5/3/2026,3/1/2025,3/31/2025,New Hampshire,1412,500000,37,1735,5275
5/3/2026,2/1/2025,2/28/2025,New Hampshire,1515,480000,35,1688,5110
5/3/2026,1/1/2025,1/31/2025,New Hampshire,1404,490000,38,1734,5055
5/3/2026,12/1/2024,12/31/2024,New Hampshire,1382,494000,36,1642,4823
5/3/2026,11/1/2024,11/30/2024,New Hampshire,1419,479900,38,1654,4795
5/3/2026,10/1/2024,10/31/2024,New Hampshire,1391,488000,36,1644,4808
5/3/2026,9/1/2024,9/30/2024,New Hampshire,1385,499900,34,1658,4743
5/3/2026,8/1/2024,8/31/2024,New Hampshire,1385,507600,37,1630,4675
5/3/2026,7/1/2024,7/31/2024,New Hampshire,1380,505000,35,1637,4648
5/3/2026,6/1/2024,6/30/2024,New Hampshire,1370,510000,35,1606,4570
5/3/2026,5/1/2024,5/31/2024,New Hampshire,1449,500000,35,1642,4580
5/3/2026,4/1/2024,4/30/2024,New Hampshire,1423,470000,38,1593,4489
5/3/2026,3/1/2024,3/31/2024,New Hampshire,1448,474933,32,1598,4534
5/3/2026,2/1/2024,2/29/2024,New Hampshire,1452,450000,34,1614,4664
5/3/2026,1/1/2024,1/31/2024,New Hampshire,1461,440000,30,1610,4557
5/3/2026,4/1/2026,4/30/2026,New Jersey,6660,547195,46,9862,31467
5/3/2026,3/1/2026,3/31/2026,New Jersey,6797,525000,46,9025,30578
5/3/2026,2/1/2026,2/28/2026,New Jersey,6802,520000,47,8005,30178
5/3/2026,1/1/2026,1/31/2026,New Jersey,7081,530000,48,8953,30223
5/3/2026,12/1/2025,12/31/2025,New Jersey,7321,539900,48,8820,29978
5/3/2026,11/1/2025,11/30/2025,New Jersey,7335,550000,49,8776,29831
5/3/2026,10/1/2025,10/31/2025,New Jersey,7171,545000,48,9015,29626
5/3/2026,9/1/2025,9/30/2025,New Jersey,7344,545000,48,9185,29551
5/3/2026,8/1/2025,8/31/2025,New Jersey,7179,575000,47,8790,29285
5/3/2026,7/1/2025,7/31/2025,New Jersey,7253,560000,46,8739,29110
5/3/2026,6/1/2025,6/30/2025,New Jersey,7203,565000,43,8691,28918
5/3/2026,5/1/2025,5/31/2025,New Jersey,7426,545000,42,8833,28758
5/3/2026,4/1/2025,4/30/2025,New Jersey,7159,528000,41,8819,28632
5/3/2026,3/1/2025,3/31/2025,New Jersey,7190,510000,42,9155,28541
5/3/2026,2/1/2025,2/28/2025,New Jersey,7350,492250,41,9140,28105
5/3/2026,1/1/2025,1/31/2025,New Jersey,7405,520900,40,8802,27699
5/3/2026,12/1/2024,12/31/2024,New Jersey,7525,525000,38,8853,27437
5/3/2026,11/1/2024,11/30/2024,New Jersey,7195,525000,37,9037,27219
5/3/2026,10/1/2024,10/31/2024,New Jersey,7035,520000,37,8772,27047
5/3/2026,9/1/2024,9/30/2024,New Jersey,7001,525000,35,8871,26818
5/3/2026,8/1/2024,8/31/2024,New Jersey,7235,539500,35,8488,26550
5/3/2026,7/1/2024,7/31/2024,New Jersey,7243,540000,34,8660,26339
5/3/2026,6/1/2024,6/30/2024,New Jersey,7091,531856,35,8394,26038
5/3/2026,5/1/2024,5/31/2024,New Jersey,7245,515000,37,8392,26061
5/3/2026,4/1/2024,4/30/2024,New Jersey,7231,492000,37,8215,25812
5/3/2026,3/1/2024,3/31/2024,New Jersey,7168,475000,37,8452,25726
5/3/2026,2/1/2024,2/29/2024,New Jersey,7016,460000,37,8761,25692
5/3/2026,1/1/2024,1/31/2024,New Jersey,6815,475000,36,8628,25315
5/3/2026,4/1/2026,4/30/2026,New Mexico,1719,349472,50,1917,8733
5/3/2026,3/1/2026,3/31/2026,New Mexico,1705,350000,57,2200,8859
5/3/2026,2/1/2026,2/28/2026,New Mexico,1676,350000,52,2110,8853
5/3/2026,1/1/2026,1/31/2026,New Mexico,1652,340625,52,2065,8944
5/3/2026,12/1/2025,12/31/2025,New Mexico,1738,347255,53,2116,8989
5/3/2026,11/1/2025,11/30/2025,New Mexico,1589,355000,56,2136,8942
5/3/2026,10/1/2025,10/31/2025,New Mexico,1671,358250,54,2074,8898
5/3/2026,9/1/2025,9/30/2025,New Mexico,1711,360000,55,2093,8885
5/3/2026,8/1/2025,8/31/2025,New Mexico,1622,359900,52,2096,8915
5/3/2026,7/1/2025,7/31/2025,New Mexico,1682,355000,52,2071,8977
5/3/2026,6/1/2025,6/30/2025,New Mexico,1672,351000,49,2121,8969
5/3/2026,5/1/2025,5/31/2025,New Mexico,1649,350000,48,2201,8920
5/3/2026,4/1/2025,4/30/2025,New Mexico,1703,347000,49,2147,8813
5/3/2026,3/1/2025,3/31/2025,New Mexico,1728,347750,46,2145,8795
5/3/2026,2/1/2025,2/28/2025,New Mexico,1831,342250,51,2283,8819
5/3/2026,1/1/2025,1/31/2025,New Mexico,1815,335000,49,2197,8665
5/3/2026,12/1/2024,12/31/2024,New Mexico,1750,349900,49,2158,8515
5/3/2026,11/1/2024,11/30/2024,New Mexico,1732,345000,44,2138,8370
5/3/2026,10/1/2024,10/31/2024,New Mexico,1709,350000,44,2096,8264
5/3/2026,9/1/2024,9/30/2024,New Mexico,1603,335000,44,2253,8219
5/3/2026,8/1/2024,8/31/2024,New Mexico,1690,345000,41,2172,7984
5/3/2026,7/1/2024,7/31/2024,New Mexico,1649,349975,42,2034,7819
5/3/2026,6/1/2024,6/30/2024,New Mexico,1600,340000,42,2082,7753
5/3/2026,5/1/2024,5/31/2024,New Mexico,1694,350000,41,2127,7627
5/3/2026,4/1/2024,4/30/2024,New Mexico,1664,339030,40,2142,7468
5/3/2026,3/1/2024,3/31/2024,New Mexico,1640,329900,38,2005,7217
5/3/2026,2/1/2024,2/29/2024,New Mexico,1689,324557,42,1963,7142
5/3/2026,1/1/2024,1/31/2024,New Mexico,1580,324000,39,2004,7102
5/3/2026,4/1/2026,4/30/2026,New York,9913,508323,40,14382,51511
5/3/2026,3/1/2026,3/31/2026,New York,10204,520000,39,13717,49488
5/3/2026,2/1/2026,2/28/2026,New York,10436,505000,37,13564,49159
5/3/2026,1/1/2026,1/31/2026,New York,10444,515000,37,13851,50222
5/3/2026,12/1/2025,12/31/2025,New York,10656,495000,36,13968,50203
5/3/2026,11/1/2025,11/30/2025,New York,10605,470000,36,14090,50555
5/3/2026,10/1/2025,10/31/2025,New York,10546,479200,37,14020,50319
5/3/2026,9/1/2025,9/30/2025,New York,10661,487500,36,14132,50353
5/3/2026,8/1/2025,8/31/2025,New York,10639,515250,35,13884,49992
5/3/2026,7/1/2025,7/31/2025,New York,10737,525000,35,13904,50180
5/3/2026,6/1/2025,6/30/2025,New York,10751,515000,34,13732,50538
5/3/2026,5/1/2025,5/31/2025,New York,10873,502110,32,13800,51028
5/3/2026,4/1/2025,4/30/2025,New York,10889,490000,33,13766,51423
5/3/2026,3/1/2025,3/31/2025,New York,11065,487000,34,14030,51481
5/3/2026,2/1/2025,2/28/2025,New York,10690,504000,36,14035,50772
5/3/2026,1/1/2025,1/31/2025,New York,10696,496250,34,14013,50196
5/3/2026,12/1/2024,12/31/2024,New York,10595,469450,35,14025,49119
5/3/2026,11/1/2024,11/30/2024,New York,10658,445000,34,14011,48261
5/3/2026,10/1/2024,10/31/2024,New York,10202,460000,33,13871,47182
5/3/2026,9/1/2024,9/30/2024,New York,10565,462000,33,14085,46315
5/3/2026,8/1/2024,8/31/2024,New York,10455,485000,34,13655,44993
5/3/2026,7/1/2024,7/31/2024,New York,10630,484500,32,13613,45347
5/3/2026,6/1/2024,6/30/2024,New York,10699,500000,33,13506,45403
5/3/2026,5/1/2024,5/31/2024,New York,10869,475000,32,13669,46997
5/3/2026,4/1/2024,4/30/2024,New York,10760,461500,32,13115,47296
5/3/2026,3/1/2024,3/31/2024,New York,10378,425000,33,13514,49091
5/3/2026,2/1/2024,2/29/2024,New York,9817,425000,34,13569,49873
5/3/2026,1/1/2024,1/31/2024,New York,10058,449000,34,13352,48816
5/3/2026,4/1/2026,4/30/2026,North Carolina,12665,376757,64,16580,68404
5/3/2026,3/1/2026,3/31/2026,North Carolina,12360,367000,65,16431,67258
5/3/2026,2/1/2026,2/28/2026,North Carolina,12501,360000,65,15992,66308
5/3/2026,1/1/2026,1/31/2026,North Carolina,12205,359900,62,15990,65925
5/3/2026,12/1/2025,12/31/2025,North Carolina,12639,370783,60,15784,65595
5/3/2026,11/1/2025,11/30/2025,North Carolina,12414,375000,58,15712,65326
5/3/2026,10/1/2025,10/31/2025,North Carolina,12318,373000,57,15999,64840
5/3/2026,9/1/2025,9/30/2025,North Carolina,12513,370000,57,15705,64021
5/3/2026,8/1/2025,8/31/2025,North Carolina,12293,375000,57,15649,63445
5/3/2026,7/1/2025,7/31/2025,North Carolina,12262,375000,54,15686,62874
5/3/2026,6/1/2025,6/30/2025,North Carolina,12154,380000,52,15504,62180
5/3/2026,5/1/2025,5/31/2025,North Carolina,12302,375000,51,15925,61521
5/3/2026,4/1/2025,4/30/2025,North Carolina,12144,370000,49,15739,60305
5/3/2026,3/1/2025,3/31/2025,North Carolina,12256,367000,50,15676,59496
5/3/2026,2/1/2025,2/28/2025,North Carolina,12284,355000,48,15596,58418
5/3/2026,1/1/2025,1/31/2025,North Carolina,12210,358500,47,15380,57196
5/3/2026,12/1/2024,12/31/2024,North Carolina,12200,366000,47,15297,56182
5/3/2026,11/1/2024,11/30/2024,North Carolina,11981,365000,47,15416,55031
5/3/2026,10/1/2024,10/31/2024,North Carolina,12096,367000,46,14745,54034
5/3/2026,9/1/2024,9/30/2024,North Carolina,11730,369000,45,15148,53413
5/3/2026,8/1/2024,8/31/2024,North Carolina,11870,374310,43,14932,52037
5/3/2026,7/1/2024,7/31/2024,North Carolina,11951,370000,42,14715,50715
5/3/2026,6/1/2024,6/30/2024,North Carolina,11861,375000,41,15033,49799
5/3/2026,5/1/2024,5/31/2024,North Carolina,11912,370000,40,14497,48445
5/3/2026,4/1/2024,4/30/2024,North Carolina,11928,367610,39,14498,47620
5/3/2026,3/1/2024,3/31/2024,North Carolina,12050,360000,37,14370,46982
5/3/2026,2/1/2024,2/29/2024,North Carolina,11905,354900,38,14602,46458
5/3/2026,1/1/2024,1/31/2024,North Carolina,11937,350000,38,14340,45645
5/3/2026,4/1/2026,4/30/2026,North Dakota,646,323931,39,748,2766
5/3/2026,3/1/2026,3/31/2026,North Dakota,640,305000,53,749,2787
5/3/2026,2/1/2026,2/28/2026,North Dakota,620,311606,51,764,2802
5/3/2026,1/1/2026,1/31/2026,North Dakota,608,299450,48,749,2785
5/3/2026,12/1/2025,12/31/2025,North Dakota,627,299900,50,705,2749
5/3/2026,11/1/2025,11/30/2025,North Dakota,591,300000,51,730,2815
5/3/2026,10/1/2025,10/31/2025,North Dakota,622,306750,46,736,2766
5/3/2026,9/1/2025,9/30/2025,North Dakota,606,299000,47,721,2760
5/3/2026,8/1/2025,8/31/2025,North Dakota,639,326250,47,740,2743
5/3/2026,7/1/2025,7/31/2025,North Dakota,633,305000,46,738,2761
5/3/2026,6/1/2025,6/30/2025,North Dakota,599,320000,41,752,2732
5/3/2026,5/1/2025,5/31/2025,North Dakota,637,304950,42,767,2708
5/3/2026,4/1/2025,4/30/2025,North Dakota,614,314900,41,772,2764
5/3/2026,3/1/2025,3/31/2025,North Dakota,625,280500,43,776,2748
5/3/2026,2/1/2025,2/28/2025,North Dakota,645,292500,45,703,2716
5/3/2026,1/1/2025,1/31/2025,North Dakota,631,285000,47,706,2818
5/3/2026,12/1/2024,12/31/2024,North Dakota,659,295000,44,767,2840
5/3/2026,11/1/2024,11/30/2024,North Dakota,689,299900,43,765,2769
5/3/2026,10/1/2024,10/31/2024,North Dakota,633,292000,46,751,2776
5/3/2026,9/1/2024,9/30/2024,North Dakota,604,291450,43,796,2696
5/3/2026,8/1/2024,8/31/2024,North Dakota,602,296000,43,755,2613
5/3/2026,7/1/2024,7/31/2024,North Dakota,610,302387,46,714,2578
5/3/2026,6/1/2024,6/30/2024,North Dakota,603,295000,47,685,2587
5/3/2026,5/1/2024,5/31/2024,North Dakota,643,295000,54,705,2695
5/3/2026,4/1/2024,4/30/2024,North Dakota,660,285000,62,775,3198
5/3/2026,3/1/2024,3/31/2024,North Dakota,651,284900,63,761,3210
5/3/2026,2/1/2024,2/29/2024,North Dakota,611,255000,63,769,3208
5/3/2026,1/1/2024,1/31/2024,North Dakota,669,262000,66,778,3199
5/3/2026,4/1/2026,4/30/2026,Ohio,10792,264129,42,13827,43274
5/3/2026,3/1/2026,3/31/2026,Ohio,10647,259900,43,13318,41960
5/3/2026,2/1/2026,2/28/2026,Ohio,10770,250000,44,12715,41423
5/3/2026,1/1/2026,1/31/2026,Ohio,10689,240000,43,12970,41186
5/3/2026,12/1/2025,12/31/2025,Ohio,11307,248000,43,12588,41289
5/3/2026,11/1/2025,11/30/2025,Ohio,11077,255000,42,12977,41651
5/3/2026,10/1/2025,10/31/2025,Ohio,11003,258000,43,13200,41523
5/3/2026,9/1/2025,9/30/2025,Ohio,11122,255000,43,12938,41045
5/3/2026,8/1/2025,8/31/2025,Ohio,11030,265000,43,12934,40905
5/3/2026,7/1/2025,7/31/2025,Ohio,10966,269000,43,12847,40750
5/3/2026,6/1/2025,6/30/2025,Ohio,10974,273000,42,12830,40663
5/3/2026,5/1/2025,5/31/2025,Ohio,10937,260000,43,12848,40543
5/3/2026,4/1/2025,4/30/2025,Ohio,11021,248000,42,13014,40504
5/3/2026,3/1/2025,3/31/2025,Ohio,10779,245000,40,13310,40538
5/3/2026,2/1/2025,2/28/2025,Ohio,10841,236000,39,13254,39738
5/3/2026,1/1/2025,1/31/2025,Ohio,10906,225000,40,12709,38848
5/3/2026,12/1/2024,12/31/2024,Ohio,10777,240000,39,12866,38490
5/3/2026,11/1/2024,11/30/2024,Ohio,10822,241000,40,12829,37916
5/3/2026,10/1/2024,10/31/2024,Ohio,10717,243000,40,12685,37242
5/3/2026,9/1/2024,9/30/2024,Ohio,10590,247500,40,12613,36646
5/3/2026,8/1/2024,8/31/2024,Ohio,10493,250000,39,12638,35862
5/3/2026,7/1/2024,7/31/2024,Ohio,10572,254244,39,12260,34951
5/3/2026,6/1/2024,6/30/2024,Ohio,10546,255000,40,12105,34790
5/3/2026,5/1/2024,5/31/2024,Ohio,10780,250000,40,12262,34998
5/3/2026,4/1/2024,4/30/2024,Ohio,10813,230000,40,11968,34844
5/3/2026,3/1/2024,3/31/2024,Ohio,11026,225000,32,12154,35062
5/3/2026,2/1/2024,2/29/2024,Ohio,11004,220000,32,12532,35285
5/3/2026,1/1/2024,1/31/2024,Ohio,10943,208640,31,12575,34889
5/3/2026,4/1/2026,4/30/2026,Oklahoma,4242,257152,47,5191,21301
5/3/2026,3/1/2026,3/31/2026,Oklahoma,4196,255000,51,5253,21171
5/3/2026,2/1/2026,2/28/2026,Oklahoma,4385,250000,51,5464,21281
5/3/2026,1/1/2026,1/31/2026,Oklahoma,4046,245500,52,5096,20997
5/3/2026,12/1/2025,12/31/2025,Oklahoma,4191,250000,50,5140,21065
5/3/2026,11/1/2025,11/30/2025,Oklahoma,4101,250000,48,5189,21263
5/3/2026,10/1/2025,10/31/2025,Oklahoma,3865,254000,46,5249,21217
5/3/2026,9/1/2025,9/30/2025,Oklahoma,3872,252000,45,5191,21002
5/3/2026,8/1/2025,8/31/2025,Oklahoma,4025,255000,44,5135,20826
5/3/2026,7/1/2025,7/31/2025,Oklahoma,3994,260000,44,5154,20801
5/3/2026,6/1/2025,6/30/2025,Oklahoma,3823,260000,44,5049,20569
5/3/2026,5/1/2025,5/31/2025,Oklahoma,3946,259000,44,5244,20526
5/3/2026,4/1/2025,4/30/2025,Oklahoma,4005,254990,43,5148,20140
5/3/2026,3/1/2025,3/31/2025,Oklahoma,3969,247900,43,5274,20085
5/3/2026,2/1/2025,2/28/2025,Oklahoma,4057,245000,46,4999,19633
5/3/2026,1/1/2025,1/31/2025,Oklahoma,4134,239900,46,5154,19614
5/3/2026,12/1/2024,12/31/2024,Oklahoma,4059,241000,46,5106,19468
5/3/2026,11/1/2024,11/30/2024,Oklahoma,3898,244801,41,4983,19186
5/3/2026,10/1/2024,10/31/2024,Oklahoma,3914,243751,42,5022,19136
5/3/2026,9/1/2024,9/30/2024,Oklahoma,3683,247000,39,4979,18779
5/3/2026,8/1/2024,8/31/2024,Oklahoma,3919,250000,38,4982,18284
5/3/2026,7/1/2024,7/31/2024,Oklahoma,3701,249000,38,4834,17821
5/3/2026,6/1/2024,6/30/2024,Oklahoma,3891,256150,40,4891,17710
5/3/2026,5/1/2024,5/31/2024,Oklahoma,3913,249900,37,4897,17602
5/3/2026,4/1/2024,4/30/2024,Oklahoma,4008,242250,32,5033,17289
5/3/2026,3/1/2024,3/31/2024,Oklahoma,4000,240000,34,4927,17034
5/3/2026,2/1/2024,2/29/2024,Oklahoma,3832,237500,36,5027,16910
5/3/2026,1/1/2024,1/31/2024,Oklahoma,3798,226775,35,4198,16142
5/3/2026,4/1/2026,4/30/2026,Oregon,4098,508323,42,5358,20079
5/3/2026,3/1/2026,3/31/2026,Oregon,4083,500000,42,5406,19791
5/3/2026,2/1/2026,2/28/2026,Oregon,4101,499000,47,5668,19861
5/3/2026,1/1/2026,1/31/2026,Oregon,3860,473123,47,5205,19358
5/3/2026,12/1/2025,12/31/2025,Oregon,4088,494900,45,4759,19328
5/3/2026,11/1/2025,11/30/2025,Oregon,4019,500000,46,4822,19554
5/3/2026,10/1/2025,10/31/2025,Oregon,4031,510000,46,4860,19548
5/3/2026,9/1/2025,9/30/2025,Oregon,3940,500000,46,4912,19735
5/3/2026,8/1/2025,8/31/2025,Oregon,3934,510000,46,4633,19864
5/3/2026,7/1/2025,7/31/2025,Oregon,3816,515000,45,4761,20046
5/3/2026,6/1/2025,6/30/2025,Oregon,3778,529000,43,4871,20079
5/3/2026,5/1/2025,5/31/2025,Oregon,3874,522000,41,5195,20001
5/3/2026,4/1/2025,4/30/2025,Oregon,3888,505000,41,5538,19610
5/3/2026,3/1/2025,3/31/2025,Oregon,3929,500000,41,5341,19022
5/3/2026,2/1/2025,2/28/2025,Oregon,4007,490000,36,4929,18682
5/3/2026,1/1/2025,1/31/2025,Oregon,3985,499950,40,5498,18575
5/3/2026,12/1/2024,12/31/2024,Oregon,4018,494900,39,5005,18195
5/3/2026,11/1/2024,11/30/2024,Oregon,4083,495000,38,4746,17781
5/3/2026,10/1/2024,10/31/2024,Oregon,3942,500000,37,4958,17717
5/3/2026,9/1/2024,9/30/2024,Oregon,3736,500000,37,5016,17482
5/3/2026,8/1/2024,8/31/2024,Oregon,3781,507500,37,4702,16904
5/3/2026,7/1/2024,7/31/2024,Oregon,3797,515000,38,4655,16712
5/3/2026,6/1/2024,6/30/2024,Oregon,3864,520000,38,4788,16667
5/3/2026,5/1/2024,5/31/2024,Oregon,3847,518950,35,4853,16635
5/3/2026,4/1/2024,4/30/2024,Oregon,3890,504998,37,5001,16425
5/3/2026,3/1/2024,3/31/2024,Oregon,3805,490000,37,4844,16239
5/3/2026,2/1/2024,2/29/2024,Oregon,3862,485000,37,4630,16112
5/3/2026,1/1/2024,1/31/2024,Oregon,3714,475000,33,4328,16173
5/3/2026,4/1/2026,4/30/2026,Pennsylvania,10127,310038,38,12993,42470
5/3/2026,3/1/2026,3/31/2026,Pennsylvania,9918,299900,39,12792,41069
5/3/2026,2/1/2026,2/28/2026,Pennsylvania,10485,285000,34,12583,40678
5/3/2026,1/1/2026,1/31/2026,Pennsylvania,10524,290000,38,12777,41064
5/3/2026,12/1/2025,12/31/2025,Pennsylvania,10994,295000,37,12688,41110
5/3/2026,11/1/2025,11/30/2025,Pennsylvania,10789,300000,36,12748,41467
5/3/2026,10/1/2025,10/31/2025,Pennsylvania,10556,298000,36,12708,41286
5/3/2026,9/1/2025,9/30/2025,Pennsylvania,10649,296500,36,12759,41172
5/3/2026,8/1/2025,8/31/2025,Pennsylvania,10554,315000,37,12616,40686
5/3/2026,7/1/2025,7/31/2025,Pennsylvania,10511,315000,36,12665,40306
5/3/2026,6/1/2025,6/30/2025,Pennsylvania,10491,320000,36,12442,40243
5/3/2026,5/1/2025,5/31/2025,Pennsylvania,10598,302050,35,12628,40396
5/3/2026,4/1/2025,4/30/2025,Pennsylvania,10775,293000,34,12475,39849
5/3/2026,3/1/2025,3/31/2025,Pennsylvania,10707,285000,33,12578,40368
5/3/2026,2/1/2025,2/28/2025,Pennsylvania,10869,275875,34,12633,40145
5/3/2026,1/1/2025,1/31/2025,Pennsylvania,10567,275000,33,12423,39569
5/3/2026,12/1/2024,12/31/2024,Pennsylvania,10656,285000,34,12509,39387
5/3/2026,11/1/2024,11/30/2024,Pennsylvania,10351,285000,35,12442,38727
5/3/2026,10/1/2024,10/31/2024,Pennsylvania,10551,285000,34,12339,37914
5/3/2026,9/1/2024,9/30/2024,Pennsylvania,10114,290000,33,12352,37600
5/3/2026,8/1/2024,8/31/2024,Pennsylvania,10251,300000,32,12295,36880
5/3/2026,7/1/2024,7/31/2024,Pennsylvania,10430,300000,31,12173,36412
5/3/2026,6/1/2024,6/30/2024,Pennsylvania,10082,302000,31,12361,36428
5/3/2026,5/1/2024,5/31/2024,Pennsylvania,10479,285000,31,12203,36535
5/3/2026,4/1/2024,4/30/2024,Pennsylvania,10452,274000,32,12023,37222
5/3/2026,3/1/2024,3/31/2024,Pennsylvania,10737,265000,32,12170,37825
5/3/2026,2/1/2024,2/29/2024,Pennsylvania,10366,255000,31,12098,37633
5/3/2026,1/1/2024,1/31/2024,Pennsylvania,10155,252500,31,11997,37346
5/3/2026,4/1/2026,4/30/2026,Puerto Rico,NA,NA,NA,NA,NA
5/3/2026,3/1/2026,3/31/2026,Puerto Rico,NA,NA,NA,NA,NA
5/3/2026,2/1/2026,2/28/2026,Puerto Rico,NA,NA,NA,NA,NA
5/3/2026,1/1/2026,1/31/2026,Puerto Rico,NA,NA,NA,NA,NA
5/3/2026,12/1/2025,12/31/2025,Puerto Rico,NA,NA,NA,NA,NA
5/3/2026,11/1/2025,11/30/2025,Puerto Rico,NA,NA,NA,NA,NA
5/3/2026,10/1/2025,10/31/2025,Puerto Rico,NA,NA,NA,NA,NA
5/3/2026,9/1/2025,9/30/2025,Puerto Rico,NA,NA,NA,NA,NA
5/3/2026,8/1/2025,8/31/2025,Puerto Rico,NA,NA,NA,NA,NA
5/3/2026,7/1/2025,7/31/2025,Puerto Rico,NA,NA,NA,NA,NA
5/3/2026,6/1/2025,6/30/2025,Puerto Rico,NA,NA,NA,NA,NA
5/3/2026,5/1/2025,5/31/2025,Puerto Rico,NA,NA,NA,NA,NA
5/3/2026,4/1/2025,4/30/2025,Puerto Rico,NA,NA,NA,NA,NA
5/3/2026,3/1/2025,3/31/2025,Puerto Rico,NA,NA,NA,NA,NA
5/3/2026,2/1/2025,2/28/2025,Puerto Rico,NA,NA,NA,NA,NA
5/3/2026,1/1/2025,1/31/2025,Puerto Rico,NA,NA,NA,NA,NA
5/3/2026,12/1/2024,12/31/2024,Puerto Rico,NA,NA,NA,NA,NA
5/3/2026,11/1/2024,11/30/2024,Puerto Rico,NA,NA,NA,NA,NA
5/3/2026,10/1/2024,10/31/2024,Puerto Rico,NA,NA,NA,NA,NA
5/3/2026,9/1/2024,9/30/2024,Puerto Rico,NA,NA,NA,NA,NA
5/3/2026,8/1/2024,8/31/2024,Puerto Rico,NA,NA,NA,NA,NA
5/3/2026,7/1/2024,7/31/2024,Puerto Rico,NA,NA,NA,NA,NA
5/3/2026,6/1/2024,6/30/2024,Puerto Rico,NA,NA,NA,NA,NA
5/3/2026,5/1/2024,5/31/2024,Puerto Rico,NA,NA,NA,NA,NA
5/3/2026,4/1/2024,4/30/2024,Puerto Rico,NA,NA,NA,NA,NA
5/3/2026,3/1/2024,3/31/2024,Puerto Rico,NA,NA,NA,NA,NA
5/3/2026,2/1/2024,2/29/2024,Puerto Rico,NA,NA,NA,NA,NA
5/3/2026,1/1/2024,1/31/2024,Puerto Rico,NA,NA,NA,NA,NA
5/3/2026,4/1/2026,4/30/2026,Rhode Island,855,523174,34,1165,3134
5/3/2026,3/1/2026,3/31/2026,Rhode Island,813,520000,33,1041,2991
5/3/2026,2/1/2026,2/28/2026,Rhode Island,850,485000,29,951,3018
5/3/2026,1/1/2026,1/31/2026,Rhode Island,865,500000,30,1086,3100
5/3/2026,12/1/2025,12/31/2025,Rhode Island,991,491750,31,1111,3065
5/3/2026,11/1/2025,11/30/2025,Rhode Island,895,500000,32,1077,3112
5/3/2026,10/1/2025,10/31/2025,Rhode Island,840,500000,30,1132,3104
5/3/2026,9/1/2025,9/30/2025,Rhode Island,1031,525000,31,1152,3138
5/3/2026,8/1/2025,8/31/2025,Rhode Island,975,500000,30,1107,3126
5/3/2026,7/1/2025,7/31/2025,Rhode Island,936,500000,32,1072,3103
5/3/2026,6/1/2025,6/30/2025,Rhode Island,932,510000,31,1139,3165
5/3/2026,5/1/2025,5/31/2025,Rhode Island,966,497500,29,1134,3179
5/3/2026,4/1/2025,4/30/2025,Rhode Island,893,475000,25,1177,3161
5/3/2026,3/1/2025,3/31/2025,Rhode Island,934,476000,27,1249,3157
5/3/2026,2/1/2025,2/28/2025,Rhode Island,961,469950,28,1204,3063
5/3/2026,1/1/2025,1/31/2025,Rhode Island,939,479000,28,1132,2928
5/3/2026,12/1/2024,12/31/2024,Rhode Island,947,472000,27,1115,2892
5/3/2026,11/1/2024,11/30/2024,Rhode Island,851,480000,28,1133,2833
5/3/2026,10/1/2024,10/31/2024,Rhode Island,936,480000,27,1050,2751
5/3/2026,9/1/2024,9/30/2024,Rhode Island,915,495000,27,1148,2809
5/3/2026,8/1/2024,8/31/2024,Rhode Island,924,482840,29,1078,2664
5/3/2026,7/1/2024,7/31/2024,Rhode Island,975,486213,27,1108,2706
5/3/2026,6/1/2024,6/30/2024,Rhode Island,865,493325,23,1071,2632
5/3/2026,5/1/2024,5/31/2024,Rhode Island,889,465000,23,1081,2628
5/3/2026,4/1/2024,4/30/2024,Rhode Island,904,450000,24,1054,2687
5/3/2026,3/1/2024,3/31/2024,Rhode Island,935,445000,22,1018,2748
5/3/2026,2/1/2024,2/29/2024,Rhode Island,896,433900,27,1049,2797
5/3/2026,1/1/2024,1/31/2024,Rhode Island,854,440000,26,1062,2823
5/3/2026,4/1/2026,4/30/2026,South Carolina,7397,348849,77,9813,44364
5/3/2026,3/1/2026,3/31/2026,South Carolina,7359,350000,82,9688,43408
5/3/2026,2/1/2026,2/28/2026,South Carolina,7414,335000,78,9472,43023
5/3/2026,1/1/2026,1/31/2026,South Carolina,7357,340000,75,9616,43038
5/3/2026,12/1/2025,12/31/2025,South Carolina,7557,340000,75,9330,42749
5/3/2026,11/1/2025,11/30/2025,South Carolina,7429,341500,74,9471,42720
5/3/2026,10/1/2025,10/31/2025,South Carolina,7364,345000,76,9556,42388
5/3/2026,9/1/2025,9/30/2025,South Carolina,7443,342900,76,9456,42025
5/3/2026,8/1/2025,8/31/2025,South Carolina,7391,349000,75,9288,41655
5/3/2026,7/1/2025,7/31/2025,South Carolina,7366,353000,75,9273,41532
5/3/2026,6/1/2025,6/30/2025,South Carolina,7334,350000,71,9289,41450
5/3/2026,5/1/2025,5/31/2025,South Carolina,7419,346000,70,9315,41514
5/3/2026,4/1/2025,4/30/2025,South Carolina,7283,345000,69,9316,41229
5/3/2026,3/1/2025,3/31/2025,South Carolina,7342,339000,68,9348,40601
5/3/2026,2/1/2025,2/28/2025,South Carolina,7371,334956,68,9413,39836
5/3/2026,1/1/2025,1/31/2025,South Carolina,7255,340000,70,8968,38725
5/3/2026,12/1/2024,12/31/2024,South Carolina,7307,334900,69,9204,38091
5/3/2026,11/1/2024,11/30/2024,South Carolina,7200,340995,68,9127,37442
5/3/2026,10/1/2024,10/31/2024,South Carolina,7169,343230,66,8796,36939
5/3/2026,9/1/2024,9/30/2024,South Carolina,7006,338000,68,8960,36709
5/3/2026,8/1/2024,8/31/2024,South Carolina,7033,344900,66,8909,36449
5/3/2026,7/1/2024,7/31/2024,South Carolina,7138,345000,63,8811,36363
5/3/2026,6/1/2024,6/30/2024,South Carolina,7083,348990,63,8939,36146
5/3/2026,5/1/2024,5/31/2024,South Carolina,7056,347033,63,8879,35838
5/3/2026,4/1/2024,4/30/2024,South Carolina,7108,345000,63,8828,35674
5/3/2026,3/1/2024,3/31/2024,South Carolina,7096,339900,59,8771,35211
5/3/2026,2/1/2024,2/29/2024,South Carolina,7143,331486,58,8843,34883
5/3/2026,1/1/2024,1/31/2024,South Carolina,7006,329000,58,8837,34385
5/3/2026,4/1/2026,4/30/2026,South Dakota,863,338782,59,931,4106
5/3/2026,3/1/2026,3/31/2026,South Dakota,830,318000,67,1079,4124
5/3/2026,2/1/2026,2/28/2026,South Dakota,889,318560,67,1002,4084
5/3/2026,1/1/2026,1/31/2026,South Dakota,739,309950,57,1017,4143
5/3/2026,12/1/2025,12/31/2025,South Dakota,803,315000,65,999,4079
5/3/2026,11/1/2025,11/30/2025,South Dakota,745,325000,63,871,4061
5/3/2026,10/1/2025,10/31/2025,South Dakota,753,320000,58,968,4025
5/3/2026,9/1/2025,9/30/2025,South Dakota,670,320000,56,912,3999
5/3/2026,8/1/2025,8/31/2025,South Dakota,708,346700,59,927,3995
5/3/2026,7/1/2025,7/31/2025,South Dakota,754,335000,49,933,3951
5/3/2026,6/1/2025,6/30/2025,South Dakota,756,335450,57,970,3889
5/3/2026,5/1/2025,5/31/2025,South Dakota,781,330000,63,1021,4330
5/3/2026,4/1/2025,4/30/2025,South Dakota,793,320000,68,1036,4321
5/3/2026,3/1/2025,3/31/2025,South Dakota,837,320000,70,969,4200
5/3/2026,2/1/2025,2/28/2025,South Dakota,793,319950,68,949,4195
5/3/2026,1/1/2025,1/31/2025,South Dakota,741,315000,67,957,4163
5/3/2026,12/1/2024,12/31/2024,South Dakota,810,305000,64,934,4225
5/3/2026,11/1/2024,11/30/2024,South Dakota,777,315000,67,1019,4165
5/3/2026,10/1/2024,10/31/2024,South Dakota,725,326900,63,1048,4022
5/3/2026,9/1/2024,9/30/2024,South Dakota,710,314450,61,967,3857
5/3/2026,8/1/2024,8/31/2024,South Dakota,725,324900,63,975,3807
5/3/2026,7/1/2024,7/31/2024,South Dakota,721,329000,61,904,3712
5/3/2026,6/1/2024,6/30/2024,South Dakota,710,325500,60,889,3679
5/3/2026,5/1/2024,5/31/2024,South Dakota,742,334650,62,896,3692
5/3/2026,4/1/2024,4/30/2024,South Dakota,776,310500,67,937,3753
5/3/2026,3/1/2024,3/31/2024,South Dakota,767,314900,68,884,3686
5/3/2026,2/1/2024,2/29/2024,South Dakota,744,300000,63,913,3642
5/3/2026,1/1/2024,1/31/2024,South Dakota,727,310000,64,838,3519
5/3/2026,4/1/2026,4/30/2026,Tennessee,8019,374465,70,11329,50310
5/3/2026,3/1/2026,3/31/2026,Tennessee,7797,370318,73,11467,48722
5/3/2026,2/1/2026,2/28/2026,Tennessee,8235,360000,69,10668,47555
5/3/2026,1/1/2026,1/31/2026,Tennessee,8022,362300,68,10337,47345
5/3/2026,12/1/2025,12/31/2025,Tennessee,8440,372383,68,10687,47446
5/3/2026,11/1/2025,11/30/2025,Tennessee,8097,370000,68,10711,47497
5/3/2026,10/1/2025,10/31/2025,Tennessee,7788,375000,66,10854,47202
5/3/2026,9/1/2025,9/30/2025,Tennessee,7936,374990,66,10542,46813
5/3/2026,8/1/2025,8/31/2025,Tennessee,8011,375000,65,10568,46726
5/3/2026,7/1/2025,7/31/2025,Tennessee,7980,375000,66,10432,46955
5/3/2026,6/1/2025,6/30/2025,Tennessee,7882,380000,64,10346,46805
5/3/2026,5/1/2025,5/31/2025,Tennessee,7764,379790,63,10843,46487
5/3/2026,4/1/2025,4/30/2025,Tennessee,7816,374900,63,10985,45860
5/3/2026,3/1/2025,3/31/2025,Tennessee,7985,370000,60,10957,45077
5/3/2026,2/1/2025,2/28/2025,Tennessee,8032,360000,61,10826,44067
5/3/2026,1/1/2025,1/31/2025,Tennessee,7833,360000,60,10657,42902
5/3/2026,12/1/2024,12/31/2024,Tennessee,8040,369240,60,10405,42051
5/3/2026,11/1/2024,11/30/2024,Tennessee,8012,369990,58,10362,41586
5/3/2026,10/1/2024,10/31/2024,Tennessee,7819,367500,60,10262,41199
5/3/2026,9/1/2024,9/30/2024,Tennessee,7601,365000,58,10216,40520
5/3/2026,8/1/2024,8/31/2024,Tennessee,7606,370000,59,10091,39938
5/3/2026,7/1/2024,7/31/2024,Tennessee,7671,369900,57,9927,39243
5/3/2026,6/1/2024,6/30/2024,Tennessee,7427,375000,57,9981,38730
5/3/2026,5/1/2024,5/31/2024,Tennessee,8227,366000,56,9946,38535
5/3/2026,4/1/2024,4/30/2024,Tennessee,8191,359900,55,10019,38476
5/3/2026,3/1/2024,3/31/2024,Tennessee,8152,356000,56,10081,38313
5/3/2026,2/1/2024,2/29/2024,Tennessee,7946,350000,56,10367,37950
5/3/2026,1/1/2024,1/31/2024,Tennessee,7771,355000,54,8709,36267
5/3/2026,4/1/2026,4/30/2026,Texas,26826,338384,69,39936,181750
5/3/2026,3/1/2026,3/31/2026,Texas,26845,335000,73,40474,181629
5/3/2026,2/1/2026,2/28/2026,Texas,26253,328000,71,40438,179891
5/3/2026,1/1/2026,1/31/2026,Texas,26844,325000,68,39812,177919
5/3/2026,12/1/2025,12/31/2025,Texas,27639,334500,70,39961,179410
5/3/2026,11/1/2025,11/30/2025,Texas,27155,330000,69,39555,181438
5/3/2026,10/1/2025,10/31/2025,Texas,26812,335000,68,40137,183169
5/3/2026,9/1/2025,9/30/2025,Texas,27146,332500,69,39798,184016
5/3/2026,8/1/2025,8/31/2025,Texas,27434,338765,69,39635,185664
5/3/2026,7/1/2025,7/31/2025,Texas,27063,340000,70,40379,187271
5/3/2026,6/1/2025,6/30/2025,Texas,27013,348900,67,39732,187040
5/3/2026,5/1/2025,5/31/2025,Texas,27372,340500,64,40603,186605
5/3/2026,4/1/2025,4/30/2025,Texas,26800,340000,62,40778,183183
5/3/2026,3/1/2025,3/31/2025,Texas,27138,340000,62,40267,178237
5/3/2026,2/1/2025,2/28/2025,Texas,27528,330000,60,40366,173806
5/3/2026,1/1/2025,1/31/2025,Texas,27457,329990,58,40046,169651
5/3/2026,12/1/2024,12/31/2024,Texas,27899,342000,57,40268,167282
5/3/2026,11/1/2024,11/30/2024,Texas,28255,335000,56,39457,165308
5/3/2026,10/1/2024,10/31/2024,Texas,27830,337000,57,39788,164326
5/3/2026,9/1/2024,9/30/2024,Texas,26584,339125,58,39304,161842
5/3/2026,8/1/2024,8/31/2024,Texas,26001,340000,57,39662,158806
5/3/2026,7/1/2024,7/31/2024,Texas,26287,347000,55,37916,155626
5/3/2026,6/1/2024,6/30/2024,Texas,26416,347990,55,39104,155803
5/3/2026,5/1/2024,5/31/2024,Texas,26612,349136,52,38140,154849
5/3/2026,4/1/2024,4/30/2024,Texas,27533,344990,51,38577,153034
5/3/2026,3/1/2024,3/31/2024,Texas,27409,339900,50,38379,149905
5/3/2026,2/1/2024,2/29/2024,Texas,27304,335000,49,38002,146607
5/3/2026,1/1/2024,1/31/2024,Texas,27281,325000,46,37392,143935
5/3/2026,4/1/2026,4/30/2026,Utah,3382,523274,51,4677,19258
5/3/2026,3/1/2026,3/31/2026,Utah,3402,520000,52,4692,18659
5/3/2026,2/1/2026,2/28/2026,Utah,3481,513000,55,4707,18509
5/3/2026,1/1/2026,1/31/2026,Utah,3290,514685,54,4695,18354
5/3/2026,12/1/2025,12/31/2025,Utah,3427,525000,53,4640,18180
5/3/2026,11/1/2025,11/30/2025,Utah,3238,529000,53,4628,18285
5/3/2026,10/1/2025,10/31/2025,Utah,3204,530000,52,4564,18153
5/3/2026,9/1/2025,9/30/2025,Utah,3169,520000,52,4501,17906
5/3/2026,8/1/2025,8/31/2025,Utah,3210,525000,52,4468,17981
5/3/2026,7/1/2025,7/31/2025,Utah,3155,525000,51,4540,18225
5/3/2026,6/1/2025,6/30/2025,Utah,3110,522000,50,4443,18298
5/3/2026,5/1/2025,5/31/2025,Utah,3307,520000,50,4550,18450
5/3/2026,4/1/2025,4/30/2025,Utah,3233,516500,47,4661,18229
5/3/2026,3/1/2025,3/31/2025,Utah,3275,508500,48,4713,17887
5/3/2026,2/1/2025,2/28/2025,Utah,3408,510000,47,4605,17174
5/3/2026,1/1/2025,1/31/2025,Utah,3095,500000,44,4598,16504
5/3/2026,12/1/2024,12/31/2024,Utah,3258,513535,44,4458,16037
5/3/2026,11/1/2024,11/30/2024,Utah,3307,510000,42,4418,15887
5/3/2026,10/1/2024,10/31/2024,Utah,3140,515000,44,4410,15576
5/3/2026,9/1/2024,9/30/2024,Utah,3109,511000,44,4313,15365
5/3/2026,8/1/2024,8/31/2024,Utah,2984,512000,43,4224,14928
5/3/2026,7/1/2024,7/31/2024,Utah,3011,514900,43,4209,14703
5/3/2026,6/1/2024,6/30/2024,Utah,3064,512700,42,4243,14553
5/3/2026,5/1/2024,5/31/2024,Utah,3102,517000,42,4186,14359
5/3/2026,4/1/2024,4/30/2024,Utah,3144,510000,43,4174,14300
5/3/2026,3/1/2024,3/31/2024,Utah,3253,499900,40,4145,14280
5/3/2026,2/1/2024,2/29/2024,Utah,3307,493205,38,4048,14486
5/3/2026,1/1/2024,1/31/2024,Utah,3267,490000,39,4110,14427
5/3/2026,4/1/2026,4/30/2026,Vermont,686,428586,73,888,3726
5/3/2026,3/1/2026,3/31/2026,Vermont,595,424900,71,824,3636
5/3/2026,2/1/2026,2/28/2026,Vermont,635,403750,73,783,3576
5/3/2026,1/1/2026,1/31/2026,Vermont,633,400000,65,803,3560
5/3/2026,12/1/2025,12/31/2025,Vermont,656,412000,69,727,3541
5/3/2026,11/1/2025,11/30/2025,Vermont,619,420000,65,796,3497
5/3/2026,10/1/2025,10/31/2025,Vermont,657,425000,62,822,3437
5/3/2026,9/1/2025,9/30/2025,Vermont,618,410000,61,809,3374
5/3/2026,8/1/2025,8/31/2025,Vermont,658,435000,58,779,3325
5/3/2026,7/1/2025,7/31/2025,Vermont,604,430000,58,842,3270
5/3/2026,6/1/2025,6/30/2025,Vermont,592,432500,59,828,3216
5/3/2026,5/1/2025,5/31/2025,Vermont,635,432500,59,800,3175
5/3/2026,4/1/2025,4/30/2025,Vermont,552,440000,57,833,3133
5/3/2026,3/1/2025,3/31/2025,Vermont,649,400000,56,789,3111
5/3/2026,2/1/2025,2/28/2025,Vermont,648,389900,58,724,3123
5/3/2026,1/1/2025,1/31/2025,Vermont,611,419950,63,785,3136
5/3/2026,12/1/2024,12/31/2024,Vermont,643,375000,54,809,3113
5/3/2026,11/1/2024,11/30/2024,Vermont,611,415000,54,714,3080
5/3/2026,10/1/2024,10/31/2024,Vermont,583,410000,56,783,3039
5/3/2026,9/1/2024,9/30/2024,Vermont,562,399000,55,834,2940
5/3/2026,8/1/2024,8/31/2024,Vermont,560,400000,53,767,2811
5/3/2026,7/1/2024,7/31/2024,Vermont,684,445000,52,765,2745
5/3/2026,6/1/2024,6/30/2024,Vermont,578,393250,51,759,2698
5/3/2026,5/1/2024,5/31/2024,Vermont,560,408000,56,724,2623
5/3/2026,4/1/2024,4/30/2024,Vermont,562,425000,46,658,2568
5/3/2026,3/1/2024,3/31/2024,Vermont,604,370750,46,728,2705
5/3/2026,2/1/2024,2/29/2024,Vermont,598,345000,43,764,2622
5/3/2026,1/1/2024,1/31/2024,Vermont,573,385500,43,751,2501
5/3/2026,4/1/2026,4/30/2026,Virginia,9200,438553,37,11344,34035
5/3/2026,3/1/2026,3/31/2026,Virginia,9075,424000,37,11012,33227
5/3/2026,2/1/2026,2/28/2026,Virginia,9171,410000,37,10469,32948
5/3/2026,1/1/2026,1/31/2026,Virginia,9011,398750,38,10506,33180
5/3/2026,12/1/2025,12/31/2025,Virginia,9047,415000,36,10055,33391
5/3/2026,11/1/2025,11/30/2025,Virginia,8965,425000,36,10652,33624
5/3/2026,10/1/2025,10/31/2025,Virginia,8918,430000,35,10833,33437
5/3/2026,9/1/2025,9/30/2025,Virginia,8863,420000,36,10753,33224
5/3/2026,8/1/2025,8/31/2025,Virginia,8809,425000,36,10400,32797
5/3/2026,7/1/2025,7/31/2025,Virginia,8745,435000,37,10066,32603
5/3/2026,6/1/2025,6/30/2025,Virginia,8764,445000,36,10195,32480
5/3/2026,5/1/2025,5/31/2025,Virginia,8737,440000,34,10677,32317
5/3/2026,4/1/2025,4/30/2025,Virginia,8741,425000,33,10737,31835
5/3/2026,3/1/2025,3/31/2025,Virginia,8647,419000,32,10780,31048
5/3/2026,2/1/2025,2/28/2025,Virginia,8685,404975,29,10142,30066
5/3/2026,1/1/2025,1/31/2025,Virginia,8675,395000,29,10085,29413
5/3/2026,12/1/2024,12/31/2024,Virginia,8692,415000,29,10993,29071
5/3/2026,11/1/2024,11/30/2024,Virginia,8743,412500,29,10771,28489
5/3/2026,10/1/2024,10/31/2024,Virginia,8642,415000,30,10289,28064
5/3/2026,9/1/2024,9/30/2024,Virginia,8576,415000,29,10161,27725
5/3/2026,8/1/2024,8/31/2024,Virginia,8509,415400,28,9751,27209
5/3/2026,7/1/2024,7/31/2024,Virginia,8536,427418,28,9588,26821
5/3/2026,6/1/2024,6/30/2024,Virginia,8424,431350,27,9646,26674
5/3/2026,5/1/2024,5/31/2024,Virginia,8551,425000,27,9634,26429
5/3/2026,4/1/2024,4/30/2024,Virginia,8494,417500,27,9328,26063
5/3/2026,3/1/2024,3/31/2024,Virginia,8522,399900,26,9485,26354
5/3/2026,2/1/2024,2/29/2024,Virginia,8436,380000,27,9949,26900
5/3/2026,1/1/2024,1/31/2024,Virginia,8415,369950,27,9732,26389
5/3/2026,4/1/2026,4/30/2026,Washington,7183,607277,36,10322,33357
5/3/2026,3/1/2026,3/31/2026,Washington,7229,600000,30,9896,31849
5/3/2026,2/1/2026,2/28/2026,Washington,7305,590000,32,10295,31004
5/3/2026,1/1/2026,1/31/2026,Washington,7252,560540,30,9827,30106
5/3/2026,12/1/2025,12/31/2025,Washington,7561,575000,29,9086,29763
5/3/2026,11/1/2025,11/30/2025,Washington,7246,600000,28,8913,30036
5/3/2026,10/1/2025,10/31/2025,Washington,7213,600000,27,8958,30117
5/3/2026,9/1/2025,9/30/2025,Washington,7309,599900,28,9086,30143
5/3/2026,8/1/2025,8/31/2025,Washington,7280,615000,27,8750,29975
5/3/2026,7/1/2025,7/31/2025,Washington,7251,615000,27,8910,30125
5/3/2026,6/1/2025,6/30/2025,Washington,7316,626272,25,8982,30193
5/3/2026,5/1/2025,5/31/2025,Washington,7238,618540,24,9563,29798
5/3/2026,4/1/2025,4/30/2025,Washington,7252,616000,22,9605,28717
5/3/2026,3/1/2025,3/31/2025,Washington,7409,605280,24,9520,28024
5/3/2026,2/1/2025,2/28/2025,Washington,7402,599000,21,9009,27525
5/3/2026,1/1/2025,1/31/2025,Washington,7550,580000,22,9700,27173
5/3/2026,12/1/2024,12/31/2024,Washington,7521,587000,22,9128,26503
5/3/2026,11/1/2024,11/30/2024,Washington,7695,608300,21,8888,25958
5/3/2026,10/1/2024,10/31/2024,Washington,7556,613600,21,9204,25706
5/3/2026,9/1/2024,9/30/2024,Washington,7126,600000,21,8957,25132
5/3/2026,8/1/2024,8/31/2024,Washington,7198,605000,20,8589,24406
5/3/2026,7/1/2024,7/31/2024,Washington,7211,615000,19,8310,23979
5/3/2026,6/1/2024,6/30/2024,Washington,7198,607000,18,8569,24079
5/3/2026,5/1/2024,5/31/2024,Washington,7220,615925,16,8718,24031
5/3/2026,4/1/2024,4/30/2024,Washington,7235,610000,16,8801,23893
5/3/2026,3/1/2024,3/31/2024,Washington,7074,598000,16,8609,23686
5/3/2026,2/1/2024,2/29/2024,Washington,7015,580000,18,8495,23400
5/3/2026,1/1/2024,1/31/2024,Washington,6861,560000,20,7913,23289
5/3/2026,4/1/2026,4/30/2026,West Virginia,1195,259145,60,1615,5843
5/3/2026,3/1/2026,3/31/2026,West Virginia,1199,255000,68,1543,5698
5/3/2026,2/1/2026,2/28/2026,West Virginia,1393,250000,59,1454,5792
5/3/2026,1/1/2026,1/31/2026,West Virginia,1205,230000,58,1522,6020
5/3/2026,12/1/2025,12/31/2025,West Virginia,1337,249500,56,1559,6211
5/3/2026,11/1/2025,11/30/2025,West Virginia,1204,260000,60,1616,6246
5/3/2026,10/1/2025,10/31/2025,West Virginia,1194,246000,58,1562,6153
5/3/2026,9/1/2025,9/30/2025,West Virginia,1200,248000,57,1597,6192
5/3/2026,8/1/2025,8/31/2025,West Virginia,1164,255000,57,1604,6056
5/3/2026,7/1/2025,7/31/2025,West Virginia,1207,250000,54,1579,5941
5/3/2026,6/1/2025,6/30/2025,West Virginia,1200,262418,54,1519,5755
5/3/2026,5/1/2025,5/31/2025,West Virginia,1244,255000,52,1567,5709
5/3/2026,4/1/2025,4/30/2025,West Virginia,1210,249000,57,1516,5576
5/3/2026,3/1/2025,3/31/2025,West Virginia,1241,242250,52,1538,5563
5/3/2026,2/1/2025,2/28/2025,West Virginia,1194,245000,58,1486,5450
5/3/2026,1/1/2025,1/31/2025,West Virginia,1229,240000,57,1390,5478
5/3/2026,12/1/2024,12/31/2024,West Virginia,1274,243000,56,1491,5552
5/3/2026,11/1/2024,11/30/2024,West Virginia,1238,249999,52,1450,5502
5/3/2026,10/1/2024,10/31/2024,West Virginia,1228,237500,56,1510,5518
5/3/2026,9/1/2024,9/30/2024,West Virginia,1153,241000,56,1505,5390
5/3/2026,8/1/2024,8/31/2024,West Virginia,1229,245000,55,1433,5286
5/3/2026,7/1/2024,7/31/2024,West Virginia,1192,239450,61,1401,5367
5/3/2026,6/1/2024,6/30/2024,West Virginia,1205,242000,62,1460,5493
5/3/2026,5/1/2024,5/31/2024,West Virginia,1226,245000,62,1406,5519
5/3/2026,4/1/2024,4/30/2024,West Virginia,1115,244483,57,1421,5432
5/3/2026,3/1/2024,3/31/2024,West Virginia,1123,235000,56,1476,5344
5/3/2026,2/1/2024,2/29/2024,West Virginia,1152,230000,59,1416,5094
5/3/2026,1/1/2024,1/31/2024,West Virginia,1046,225000,61,1403,4815
5/3/2026,4/1/2026,4/30/2026,Wisconsin,5758,338782,52,6665,22327
5/3/2026,3/1/2026,3/31/2026,Wisconsin,5703,329900,51,6459,22014
5/3/2026,2/1/2026,2/28/2026,Wisconsin,5777,315000,52,6785,22055
5/3/2026,1/1/2026,1/31/2026,Wisconsin,5672,310800,51,6373,21834
5/3/2026,12/1/2025,12/31/2025,Wisconsin,5762,312000,51,6226,21934
5/3/2026,11/1/2025,11/30/2025,Wisconsin,5710,325000,51,6543,21884
5/3/2026,10/1/2025,10/31/2025,Wisconsin,5665,333800,51,6468,21663
5/3/2026,9/1/2025,9/30/2025,Wisconsin,5666,332750,51,6491,21621
5/3/2026,8/1/2025,8/31/2025,Wisconsin,5686,338695,51,6282,21501
5/3/2026,7/1/2025,7/31/2025,Wisconsin,5602,335000,50,6282,21507
5/3/2026,6/1/2025,6/30/2025,Wisconsin,5646,340000,50,6300,21475
5/3/2026,5/1/2025,5/31/2025,Wisconsin,5627,332917,50,6404,21375
5/3/2026,4/1/2025,4/30/2025,Wisconsin,5589,324900,49,6307,21349
5/3/2026,3/1/2025,3/31/2025,Wisconsin,5597,310000,50,6524,21435
5/3/2026,2/1/2025,2/28/2025,Wisconsin,5681,305000,49,6347,21326
5/3/2026,1/1/2025,1/31/2025,Wisconsin,5579,290750,50,6770,21378
5/3/2026,12/1/2024,12/31/2024,Wisconsin,5698,305000,49,6433,20945
5/3/2026,11/1/2024,11/30/2024,Wisconsin,5548,310000,49,6285,20712
5/3/2026,10/1/2024,10/31/2024,Wisconsin,5623,310000,49,6361,20705
5/3/2026,9/1/2024,9/30/2024,Wisconsin,5494,310000,48,6316,20327
5/3/2026,8/1/2024,8/31/2024,Wisconsin,5460,322500,48,6268,20064
5/3/2026,7/1/2024,7/31/2024,Wisconsin,5548,325000,48,6028,19876
5/3/2026,6/1/2024,6/30/2024,Wisconsin,5454,325000,48,5882,19702
5/3/2026,5/1/2024,5/31/2024,Wisconsin,5546,316500,47,6120,19938
5/3/2026,4/1/2024,4/30/2024,Wisconsin,5571,305000,47,6200,20078
5/3/2026,3/1/2024,3/31/2024,Wisconsin,5565,299000,47,6266,19918
5/3/2026,2/1/2024,2/29/2024,Wisconsin,5508,275000,46,6186,19714
5/3/2026,1/1/2024,1/31/2024,Wisconsin,5517,265000,46,6079,19375
5/3/2026,4/1/2026,4/30/2026,Wyoming,571,368783,52,760,3078
5/3/2026,3/1/2026,3/31/2026,Wyoming,568,355000,53,747,3049
5/3/2026,2/1/2026,2/28/2026,Wyoming,557,350000,50,794,3084
5/3/2026,1/1/2026,1/31/2026,Wyoming,581,365000,56,787,3129
5/3/2026,12/1/2025,12/31/2025,Wyoming,582,360000,50,757,3132
5/3/2026,11/1/2025,11/30/2025,Wyoming,542,365000,54,808,3168
5/3/2026,10/1/2025,10/31/2025,Wyoming,546,385000,56,767,3111
5/3/2026,9/1/2025,9/30/2025,Wyoming,548,378950,49,729,3117
5/3/2026,8/1/2025,8/31/2025,Wyoming,513,387000,48,742,3144
5/3/2026,7/1/2025,7/31/2025,Wyoming,540,375000,48,756,3167
5/3/2026,6/1/2025,6/30/2025,Wyoming,535,374900,45,787,3086
5/3/2026,5/1/2025,5/31/2025,Wyoming,558,375000,43,825,3045
5/3/2026,4/1/2025,4/30/2025,Wyoming,574,350000,45,773,3009
5/3/2026,3/1/2025,3/31/2025,Wyoming,521,349000,55,808,2974
5/3/2026,2/1/2025,2/28/2025,Wyoming,563,362500,47,752,2895
5/3/2026,1/1/2025,1/31/2025,Wyoming,555,350000,47,708,2926
5/3/2026,12/1/2024,12/31/2024,Wyoming,559,365000,48,812,2919
5/3/2026,11/1/2024,11/30/2024,Wyoming,550,365000,45,773,2854
5/3/2026,10/1/2024,10/31/2024,Wyoming,535,365000,43,758,2816
5/3/2026,9/1/2024,9/30/2024,Wyoming,492,369900,47,746,2768
5/3/2026,8/1/2024,8/31/2024,Wyoming,562,359450,45,742,2748
5/3/2026,7/1/2024,7/31/2024,Wyoming,513,350000,46,715,2714
5/3/2026,6/1/2024,6/30/2024,Wyoming,507,360000,47,721,2730
5/3/2026,5/1/2024,5/31/2024,Wyoming,518,355000,54,711,2705
5/3/2026,4/1/2024,4/30/2024,Wyoming,550,339500,55,748,2751
5/3/2026,3/1/2024,3/31/2024,Wyoming,570,340000,51,676,2747
5/3/2026,2/1/2024,2/29/2024,Wyoming,515,328700,56,684,2782
5/3/2026,1/1/2024,1/31/2024,Wyoming,500,328800,57,670,2779
